"Player","Team","Number","Position","Height","Weight","Birth_Date","Country","Experience","College","Rank_Totals","Age","Games","Games_Started","Minutes_Played","Field_Goals","Field_Goal_Attempts","Field_Goal_Percentage","3-Point_Field_Goals","3-Point_Field_Goal_Attempts","3-Point_Field_Goal_Percentage","2-Point_Field_Goals","2-point_Field_Goal_Attempts","2-Point_Field_Goal_Percentage","Effective_Field_Goal_Percentage","Free_Throws","Free_Throw_Attempts","Free_Throw_Percentage","Offensive_Rebounds","Defensive_Rebounds","Total_Rebounds","Assists","Steals","Blocks","Turnovers","Personal_Fouls","Points","Rank_Salary","Salary"
"Al Horford","ATL",15,"C",1.86,111.13,1986-06-03,"DO",8,"University of Florida",2,29,82,82,2631,529,1048,0.505,88,256,0.344,441,792,0.557,0.547,103,129,0.798,148,448,596,263,68,121,107,163,1249,2,1.2e+07
"Dennis Schroder","ATL",17,"PG",1.86,78.02,1993-09-15,"DE",2,NA,7,22,80,6,1621,329,781,0.421,77,239,0.322,252,542,0.465,0.471,144,182,0.791,25,179,204,349,70,9,183,138,879,10,1763400
"Jeff Teague","ATL",0,"PG",1.89,84.37,1988-06-10,"US",6,"Wake Forest University",4,27,79,78,2255,434,988,0.439,110,275,0.4,324,713,0.454,0.495,261,312,0.837,33,181,214,470,97,24,218,167,1239,4,8e+06
"Justin Holiday","ATL",7,"SG",2.01,83.91,1989-04-05,"US",2,"University of Washington",14,26,26,1,263,24,73,0.329,10,45,0.222,14,28,0.5,0.397,5,10,0.5,4,23,27,11,13,4,13,21,63,NA,NA
"Kent Bazemore","ATL",24,"SF",1.98,91.17,1989-07-01,"US",3,"Old Dominion University",5,26,75,68,2083,320,725,0.441,109,305,0.357,211,420,0.502,0.517,123,151,0.815,28,351,379,171,98,38,138,176,872,9,2e+06
"Kirk Hinrich","ATL",12,"PG",1.95,86.18,1981-01-02,"US",12,"University of Kansas",16,35,11,0,76,2,11,0.182,1,6,0.167,1,5,0.2,0.227,0,0,NA,1,11,12,14,2,1,3,1,5,8,2870000
"Kris Humphries","ATL",43,"PF",2.1,106.59,1985-02-06,"US",11,"University of Minnesota",13,30,21,0,295,47,101,0.465,8,31,0.258,39,70,0.557,0.505,32,45,0.711,20,51,71,13,10,7,14,44,134,15,388025
"Kyle Korver","ATL",26,"SG",2.04,96.16,1981-03-17,"US",12,"Creighton University",3,34,80,80,2401,268,616,0.435,158,397,0.398,110,219,0.502,0.563,45,54,0.833,14,246,260,164,60,35,98,161,739,5,5746479
"Lamar Patterson","ATL",13,"SG",1.98,102.06,1991-08-12,"US",0,"University of Pittsburgh",12,24,35,0,395,28,80,0.35,12,49,0.245,16,31,0.516,0.425,16,22,0.727,4,46,50,39,9,2,23,45,84,14,525093
"Mike Muscala","ATL",31,"C",1.86,108.86,1991-07-01,"US",2,"Bucknell University",11,24,60,0,565,76,152,0.5,12,39,0.308,64,113,0.566,0.539,31,39,0.795,38,79,117,34,13,27,27,72,195,13,947276
"Mike Scott","ATL",32,"PF",2.07,107.5,1988-07-16,"US",3,"University of Virginia",8,27,75,0,1146,176,376,0.468,62,158,0.392,114,218,0.523,0.551,50,63,0.794,53,153,206,78,25,17,42,102,464,7,3333333
"Paul Millsap","ATL",4,"PF",2.07,111.58,1985-02-10,"US",9,"Louisiana Tech University",1,30,81,81,2647,501,1066,0.47,74,232,0.319,427,834,0.512,0.505,309,408,0.757,198,534,732,265,147,139,191,237,1385,1,1.9e+07
"Shelvin Mack","ATL",8,"PG",1.92,92.08,1990-04-22,"US",4,"Butler University",15,25,24,0,179,40,95,0.421,4,27,0.148,36,68,0.529,0.442,9,12,0.75,2,20,22,38,8,0,14,7,93,NA,NA
"Terran Petteway","ATL",NA,NA,NA,NA,NA,NA,NA,NA,NA,NA,NA,NA,NA,NA,NA,NA,NA,NA,NA,NA,NA,NA,NA,NA,NA,NA,NA,NA,NA,NA,NA,NA,NA,NA,NA,16,75000
"Thabo Sefolosha","ATL",25,"SF",2.04,99.79,1984-05-02,"CH",9,NA,6,31,75,11,1758,188,372,0.505,42,124,0.339,146,248,0.589,0.562,62,99,0.626,52,282,334,107,85,37,68,109,480,6,4e+06
"Tiago Splitter","ATL",11,"C",1.86,111.13,1985-01-01,"BR",5,NA,10,31,36,2,579,81,155,0.523,0,2,0,81,153,0.529,0.523,39,48,0.813,45,75,120,30,20,12,24,71,201,3,8500000
"Tim Hardaway","ATL",10,"SG",2.01,92.99,1992-03-16,"US",2,"University of Michigan",9,23,51,1,864,114,265,0.43,48,142,0.338,66,123,0.537,0.521,50,56,0.893,7,79,86,51,21,7,23,48,326,11,1304520
"Walter Tavares","ATL",22,"C",2.23,117.93,1992-03-22,"CV",0,NA,17,23,11,0,73,11,19,0.579,0,0,NA,11,19,0.579,0.579,3,8,0.375,7,14,21,3,1,6,5,8,25,12,1e+06
"Amir Johnson","BOS",90,"PF",2.1,108.86,1987-05-01,"US",10,NA,6,28,79,76,1800,249,426,0.585,10,43,0.233,239,383,0.624,0.596,69,121,0.57,178,327,505,138,52,83,94,214,577,2,1.2e+07
"Avery Bradley","BOS",0,"SG",1.89,81.65,1990-11-26,"US",5,"University of Texas at Austin",2,25,76,72,2536,456,1019,0.447,147,407,0.361,309,612,0.505,0.52,96,123,0.78,48,172,220,158,117,19,109,164,1155,3,7730337
"Corey Walden","BOS",NA,NA,NA,NA,NA,NA,NA,NA,NA,NA,NA,NA,NA,NA,NA,NA,NA,NA,NA,NA,NA,NA,NA,NA,NA,NA,NA,NA,NA,NA,NA,NA,NA,NA,NA,19,25000
"Coty Clarke","BOS",63,"SF",2.04,105.23,1992-07-04,"US",0,"University of Arkansas",16,23,3,0,6,2,4,0.5,2,2,1,0,2,0,0.75,0,0,NA,0,1,1,0,0,0,1,0,6,18,61776
"David Lee","BOS",42,"PF",2.1,111.13,1983-04-29,"US",10,"University of Florida",11,32,30,4,470,87,192,0.453,0,1,0,87,191,0.455,0.453,40,51,0.784,41,89,130,54,12,13,38,51,214,1,15493680
"Evan Turner","BOS",11,"SG",2.04,99.79,1988-10-27,"US",5,"Ohio State University",4,27,81,12,2271,343,753,0.456,20,83,0.241,323,670,0.482,0.469,148,179,0.827,50,347,397,359,80,28,169,139,854,8,3425510
"Isaiah Thomas","BOS",4,"PG",1.8,83.91,1989-02-07,"US",4,"University of Washington",1,26,82,79,2644,591,1382,0.428,167,465,0.359,424,917,0.462,0.488,474,544,0.871,46,197,243,509,91,9,220,167,1823,4,6912869
"Jae Crowder","BOS",99,"SF",2.01,106.59,1990-07-06,"US",3,"Marquette University",3,25,73,73,2308,360,813,0.443,122,363,0.336,238,450,0.529,0.518,196,239,0.82,70,303,373,135,126,35,83,198,1038,5,6e+06
"James Young","BOS",13,"SG",2.01,97.52,1995-08-16,"US",1,"University of Kentucky",14,20,29,0,199,11,36,0.306,6,26,0.231,5,10,0.5,0.389,1,4,0.25,4,22,26,9,6,1,5,17,29,15,1749840
"Jared Sullinger","BOS",7,"PF",2.1,117.93,1992-03-04,"US",3,"Ohio State University",5,23,81,73,1915,351,806,0.435,29,103,0.282,322,703,0.458,0.453,103,161,0.64,194,479,673,187,75,47,102,209,834,10,2269260
"John Holland","BOS",NA,NA,NA,NA,NA,NA,NA,NA,NA,NA,NA,NA,NA,NA,NA,NA,NA,NA,NA,NA,NA,NA,NA,NA,NA,NA,NA,NA,NA,NA,NA,NA,NA,NA,NA,22,9266
"Jonas Jerebko","BOS",8,"PF",1.86,104.78,1987-03-02,"SE",5,NA,9,28,78,0,1176,118,286,0.413,43,108,0.398,75,178,0.421,0.488,61,78,0.782,77,211,288,62,20,24,52,137,340,6,5e+06
"Jordan Mickey","BOS",55,"PF",2.07,106.59,1994-07-09,"US",0,"Louisiana State University",15,21,16,0,57,8,22,0.364,0,0,NA,8,22,0.364,0.364,5,10,0.5,6,7,13,1,0,11,1,5,21,16,1200000
"Kelly Olynyk","BOS",41,"C",2.13,107.95,1991-04-19,"CA",2,"Gonzaga University",8,24,69,8,1395,253,556,0.455,85,210,0.405,168,346,0.486,0.531,96,128,0.75,72,209,281,105,52,33,74,163,687,11,2165160
"Levi Randolph","BOS",NA,NA,NA,NA,NA,NA,NA,NA,NA,NA,NA,NA,NA,NA,NA,NA,NA,NA,NA,NA,NA,NA,NA,NA,NA,NA,NA,NA,NA,NA,NA,NA,NA,NA,NA,21,25000
"Malcolm Miller","BOS",NA,NA,NA,NA,NA,NA,NA,NA,NA,NA,NA,NA,NA,NA,NA,NA,NA,NA,NA,NA,NA,NA,NA,NA,NA,NA,NA,NA,NA,NA,NA,NA,NA,NA,NA,20,25000
"Marcus Smart","BOS",36,"PG",1.95,99.79,1994-03-06,"US",1,"Oklahoma State University",7,21,61,10,1667,184,529,0.348,61,241,0.253,123,288,0.427,0.405,129,166,0.777,76,179,255,185,91,18,80,183,558,7,3431040
"Perry Jones","BOS",NA,NA,NA,NA,NA,NA,NA,NA,NA,NA,NA,NA,NA,NA,NA,NA,NA,NA,NA,NA,NA,NA,NA,NA,NA,NA,NA,NA,NA,NA,NA,NA,NA,NA,NA,13,2038206
"R.J. Hunter","BOS",28,"SG",1.98,83.91,1993-10-24,"US",0,"Georgia State University",12,22,36,0,315,36,98,0.367,19,63,0.302,17,35,0.486,0.464,6,7,0.857,2,35,37,13,14,4,11,29,97,17,1148640
"Terry Rozier","BOS",12,"PG",1.89,86.18,1994-03-17,"US",0,"University of Louisville",13,21,39,0,311,29,106,0.274,6,27,0.222,23,79,0.291,0.302,8,10,0.8,24,39,63,37,6,1,19,23,72,14,1824360
"Tyler Zeller","BOS",44,"C",2.13,114.76,1990-01-17,"US",3,"University of North Carolina",10,26,60,3,710,138,290,0.476,0,0,NA,138,290,0.476,0.476,88,108,0.815,62,116,178,29,10,22,46,97,364,9,2616975
"Zoran Dragic","BOS",NA,NA,NA,NA,NA,NA,NA,NA,NA,NA,NA,NA,NA,NA,NA,NA,NA,NA,NA,NA,NA,NA,NA,NA,NA,NA,NA,NA,NA,NA,NA,NA,NA,NA,NA,12,2050397
"Andrea Bargnani","BRK",9,"C",2.13,111.13,1985-10-26,"IT",9,NA,11,30,46,0,634,127,279,0.455,3,16,0.188,124,263,0.471,0.461,47,57,0.825,28,69,97,18,4,9,26,61,304,10,1362900
"Bojan Bogdanovic","BRK",44,"SF",2.07,97.98,1989-04-18,"BA",1,NA,3,26,79,39,2115,324,749,0.433,129,338,0.382,195,411,0.474,0.519,110,132,0.833,36,219,255,99,29,5,115,119,887,6,3425510
"Brook Lopez","BRK",11,"C",2.13,124.74,1988-04-01,"US",7,"Stanford University",1,27,73,73,2457,591,1157,0.511,2,14,0.143,589,1143,0.515,0.512,317,403,0.787,204,369,573,147,58,124,175,215,1501,2,2e+07
"Chris McCullough","BRK",1,"PF",1.86,90.72,1995-02-05,"US",0,"Syracuse University",16,20,24,4,362,44,109,0.404,13,34,0.382,31,75,0.413,0.463,11,23,0.478,25,43,68,9,28,12,15,39,112,12,1140240
"Deron Williams","BRK",NA,NA,NA,NA,NA,NA,NA,NA,NA,NA,NA,NA,NA,NA,NA,NA,NA,NA,NA,NA,NA,NA,NA,NA,NA,NA,NA,NA,NA,NA,NA,NA,NA,NA,NA,5,5500000
"Donald Sloan","BRK",15,"PG",1.92,92.99,1988-01-15,"US",4,"Texas A&M University",7,28,61,33,1318,154,350,0.44,38,99,0.384,116,251,0.462,0.494,78,104,0.75,17,156,173,268,32,4,80,73,424,13,1015421
"Henry Sims","BRK",14,"C",1.86,112.49,1990-03-27,"US",3,"Georgetown University",17,25,14,4,263,33,77,0.429,0,0,NA,33,77,0.429,0.429,25,30,0.833,21,51,72,9,9,14,12,37,91,18,161622
"Jarrett Jack","BRK",2,"PG",1.92,90.72,1983-10-28,"US",10,"Georgia Institute of Technology",8,32,32,32,1027,140,358,0.391,31,102,0.304,109,256,0.426,0.434,100,112,0.893,9,127,136,236,34,7,94,77,411,4,6300000
"Joe Johnson","BRK",7,"SF",2.04,108.86,1981-06-29,"US",14,"University of Arkansas",4,34,57,57,1934,247,608,0.406,85,229,0.371,162,379,0.427,0.476,92,108,0.852,34,190,224,232,40,2,116,100,671,1,24894863
"Markel Brown","BRK",22,"SG",1.92,86.18,1992-01-29,"US",1,"Oklahoma State University",9,24,62,6,982,127,322,0.394,38,121,0.314,89,201,0.443,0.453,71,94,0.755,23,99,122,91,38,15,54,94,363,16,845059
"Quincy Miller","BRK",NA,NA,NA,NA,NA,NA,NA,NA,NA,NA,NA,NA,NA,NA,NA,NA,NA,NA,NA,NA,NA,NA,NA,NA,NA,NA,NA,NA,NA,NA,NA,NA,NA,NA,NA,20,50000
"Rondae Hollis-Jefferson","BRK",24,"SF",2.04,99.79,1995-01-03,"US",0,"University of Arizona",12,21,29,17,615,63,138,0.457,4,14,0.286,59,124,0.476,0.471,37,52,0.712,39,115,154,43,39,16,26,61,167,11,1335480
"Ryan Boatright","BRK",NA,NA,NA,NA,NA,NA,NA,NA,NA,NA,NA,NA,NA,NA,NA,NA,NA,NA,NA,NA,NA,NA,NA,NA,NA,NA,NA,NA,NA,NA,NA,NA,NA,NA,NA,19,75000
"Sean Kilpatrick","BRK",6,"SG",1.95,95.25,1990-01-06,"US",1,"University of Cincinnati",13,26,23,0,534,115,249,0.462,35,97,0.361,80,152,0.526,0.532,53,59,0.898,10,40,50,26,10,2,27,30,318,17,320594
"Sergey Karasev","BRK",10,"SF",2.04,94.35,1993-10-26,"RU",2,NA,15,22,40,5,399,30,74,0.405,11,37,0.297,19,37,0.514,0.48,26,28,0.929,8,50,58,35,6,2,22,27,97,7,1599840
"Shane Larkin","BRK",0,"PG",1.56,79.38,1992-10-02,"US",2,"University of Miami",5,23,78,17,1751,222,502,0.442,39,108,0.361,183,394,0.464,0.481,83,107,0.776,28,152,180,342,95,12,146,121,566,8,1500000
"Thaddeus Young","BRK",30,"PF",2.07,100.24,1988-06-21,"US",8,"Georgia Institute of Technology",2,27,73,73,2407,495,963,0.514,7,30,0.233,488,933,0.523,0.518,105,163,0.644,176,484,660,135,112,37,136,182,1102,3,11200000
"Thomas Robinson","BRK",41,"PF",1.86,107.5,1991-03-17,"US",3,"University of Kansas",10,24,71,7,917,130,291,0.447,0,1,0,130,290,0.448,0.447,47,109,0.431,136,223,359,46,39,36,69,111,307,14,981300
"Wayne Ellington","BRK",21,"SG",1.95,90.72,1987-10-29,"US",6,"University of North Carolina",6,28,76,41,1615,218,561,0.389,96,268,0.358,122,293,0.416,0.474,54,63,0.857,20,154,174,83,48,5,45,82,586,9,1500000
"Willie Reed","BRK",33,"PF",1.86,99.79,1990-05-16,"US",0,"Saint Louis University",14,25,39,2,426,76,133,0.571,0,0,NA,76,133,0.571,0.571,30,55,0.545,49,73,122,10,6,30,16,47,182,15,947276
"Aaron Brooks","CHI",0,"PG",1.83,73.03,1985-01-14,"US",7,"University of Oregon",9,31,69,0,1108,188,469,0.401,66,185,0.357,122,284,0.43,0.471,49,64,0.766,21,80,101,180,30,10,82,132,491,9,2e+06
"Bobby Portis","CHI",5,"PF",1.86,104.33,1995-02-10,"US",0,"University of Arkansas",10,20,62,4,1102,186,436,0.427,16,52,0.308,170,384,0.443,0.445,48,66,0.727,123,214,337,52,25,22,54,100,436,11,1391160
"Cameron Bairstow","CHI",41,"C",2.1,113.4,1990-12-07,"AU",1,"University of New Mexico",16,25,18,2,103,13,40,0.325,1,5,0.2,12,35,0.343,0.338,7,8,0.875,4,24,28,6,2,3,4,19,34,14,845059
"Cristiano Felicio","CHI",6,"C",1.86,124.74,1992-07-07,"BR",0,NA,15,23,31,4,321,40,72,0.556,0,4,0,40,68,0.588,0.556,25,35,0.714,30,72,102,26,6,13,13,31,105,15,525090
"Derrick Rose","CHI",1,"PG",1.92,86.18,1988-10-04,"US",6,"University of Memphis",3,27,66,66,2097,447,1048,0.427,44,150,0.293,403,898,0.449,0.448,142,179,0.793,46,179,225,311,44,14,175,84,1080,1,20093063
"Doug McDermott","CHI",3,"SF",2.07,102.06,1992-01-03,"US",1,"Creighton University",5,24,81,4,1861,291,644,0.452,110,259,0.425,181,385,0.47,0.537,72,84,0.857,37,158,195,59,14,6,53,127,764,8,2380440
"E'Twaun Moore","CHI",55,"SG",1.95,86.64,1989-02-28,"US",4,"Purdue University",8,26,59,22,1263,187,389,0.481,47,104,0.452,140,285,0.491,0.541,22,35,0.629,19,114,133,99,37,18,53,103,443,12,1015421
"Jimmy Butler","CHI",21,"SG",2.04,99.79,1989-09-14,"US",4,"Marquette University",1,26,67,67,2474,470,1035,0.454,64,205,0.312,406,830,0.489,0.485,395,475,0.832,79,279,358,321,110,43,132,124,1399,2,15260000
"Joakim Noah","CHI",13,"C",1.86,104.33,1985-02-25,"US",8,"University of Florida",12,30,29,2,635,51,133,0.383,0,1,0,51,132,0.386,0.383,22,45,0.489,87,168,255,110,18,29,52,77,124,3,13400000
"Mike Dunleavy","CHI",34,"SF",2.1,104.33,1980-09-15,"US",13,"Duke University",11,35,31,30,703,77,188,0.41,39,99,0.394,38,89,0.427,0.513,29,37,0.784,8,75,83,39,14,10,26,66,222,7,4500000
"Nikola Mirotic","CHI",44,"PF",1.86,99.79,1991-02-11,"ME",1,NA,6,24,66,38,1646,248,609,0.407,135,346,0.39,113,263,0.43,0.518,146,181,0.807,58,304,362,100,58,46,102,151,777,6,5543725
"Pau Gasol","CHI",16,"C",2.13,113.4,1980-07-06,"ES",14,NA,2,35,72,72,2291,467,995,0.469,24,69,0.348,443,926,0.478,0.481,229,289,0.792,155,638,793,294,42,146,164,148,1187,5,7448760
"Taj Gibson","CHI",22,"PF",2.1,102.06,1985-06-24,"US",6,"University of Southern California",4,30,73,55,1936,263,500,0.526,0,3,0,263,497,0.529,0.526,101,146,0.692,206,298,504,106,47,77,78,180,627,4,8500000
"Tony Snell","CHI",20,"SF",2.04,90.72,1991-11-10,"US",2,"University of New Mexico",7,24,64,33,1301,126,339,0.372,56,155,0.361,70,184,0.38,0.454,30,33,0.909,19,180,199,63,16,17,52,100,338,10,1535880
"Aaron Harrison","CHO",9,"SG",2.01,95.25,1994-10-28,"US",0,"University of Kentucky",16,21,21,0,93,5,19,0.263,3,10,0.3,2,9,0.222,0.342,5,12,0.417,4,11,15,2,6,0,4,10,18,14,525093
"Al Jefferson","CHO",25,"C",1.86,131.09,1985-01-04,"US",11,NA,8,31,47,18,1096,245,505,0.485,0,0,NA,245,505,0.485,0.485,72,111,0.649,57,244,301,70,30,41,34,117,562,1,13833333
"Brian Roberts","CHO",22,"PG",1.86,78.47,1985-12-03,"US",3,"University of Dayton",14,30,30,0,333,51,115,0.443,9,27,0.333,42,88,0.477,0.483,34,37,0.919,4,25,29,38,7,1,16,23,145,NA,NA
"Cody Zeller","CHO",40,"C",2.13,108.86,1992-10-05,"US",2,"Indiana University",5,23,73,60,1774,231,437,0.529,1,10,0.1,230,427,0.539,0.53,175,232,0.754,138,317,455,71,57,63,68,204,638,8,4204200
"Courtney Lee","CHO",1,"SG",1.98,90.72,1985-10-03,"US",7,"Western Kentucky University",11,30,28,28,845,98,220,0.445,31,79,0.392,67,141,0.475,0.516,23,26,0.885,10,77,87,60,33,12,23,55,250,6,5675000
"Elliot Williams","CHO",NA,NA,NA,NA,NA,NA,NA,NA,NA,NA,NA,NA,NA,NA,NA,NA,NA,NA,NA,NA,NA,NA,NA,NA,NA,NA,NA,NA,NA,NA,NA,NA,NA,NA,NA,16,80000
"Frank Kaminsky","CHO",44,"C",2.13,109.77,1993-04-04,"US",0,"University of Wisconsin",6,22,81,3,1708,215,525,0.41,68,202,0.337,147,323,0.455,0.474,108,148,0.73,69,266,335,98,38,43,58,126,606,10,2612500
"Jeremy Lamb","CHO",3,"SG",1.98,83.91,1992-05-30,"US",3,"University of Connecticut",7,23,66,0,1227,230,510,0.451,56,181,0.309,174,329,0.529,0.506,64,88,0.727,44,208,252,77,42,30,50,105,580,9,3034356
"Jeremy Lin","CHO",7,"SG",1.92,90.72,1988-08-23,"US",5,"Harvard University",4,27,78,13,2048,300,728,0.412,76,226,0.336,224,502,0.446,0.464,238,292,0.815,42,211,253,235,58,42,150,165,914,11,2100000
"Jorge Gutierrez","CHO",12,"PG",1.92,86.64,1988-12-27,"MX",2,"University of California",17,27,12,0,63,6,11,0.545,0,2,0,6,9,0.667,0.545,10,11,0.909,0,7,7,17,3,0,6,3,22,15,301444
"Kemba Walker","CHO",15,"PG",1.86,78.02,1990-05-08,"US",4,"University of Connecticut",1,25,81,81,2885,568,1331,0.427,182,490,0.371,386,841,0.459,0.495,371,438,0.847,56,301,357,421,126,39,171,111,1689,3,1.2e+07
"Marvin Williams","CHO",2,"PF",2.1,107.5,1986-06-19,"US",10,"University of North Carolina",3,29,81,81,2338,338,747,0.452,152,378,0.402,186,369,0.504,0.554,120,144,0.833,127,394,521,110,58,77,62,133,948,4,7e+06
"Michael Kidd-Gilchrist","CHO",14,"SF",2.04,105.23,1993-09-26,"US",3,"University of Kentucky",15,22,7,7,205,33,61,0.541,3,7,0.429,30,54,0.556,0.566,20,29,0.69,12,33,45,9,3,3,8,9,89,5,6331404
"Nicolas Batum","CHO",5,"SF",2.07,90.72,1988-12-14,"FR",7,NA,2,27,70,70,2448,372,873,0.426,139,399,0.348,233,474,0.492,0.506,163,192,0.849,55,373,428,403,65,43,205,114,1046,2,12235750
"P.J. Hairston","CHO",19,"SF",2.01,104.33,1992-12-24,"US",1,"University of North Carolina",10,23,48,43,938,99,276,0.359,54,172,0.314,45,104,0.433,0.457,34,42,0.81,18,110,128,29,24,7,24,106,286,NA,NA
"Spencer Hawes","CHO",0,"PF",2.16,111.13,1988-04-28,"US",8,"University of Washington",9,27,57,6,1035,124,306,0.405,38,102,0.373,86,204,0.422,0.467,54,65,0.831,51,193,244,109,22,27,58,111,340,7,5543725
"Troy Daniels","CHO",30,"SG",1.95,92.99,1991-07-15,"US",2,"Virginia Commonwealth University",12,24,43,0,476,89,187,0.476,59,122,0.484,30,65,0.462,0.634,5,9,0.556,7,50,57,21,11,3,24,40,242,13,947276
"Tyler Hansbrough","CHO",50,"PF",2.1,113.4,1985-11-03,"US",6,"University of North Carolina",13,30,44,0,343,32,71,0.451,2,3,0.667,30,68,0.441,0.465,38,65,0.585,40,49,89,8,12,7,12,55,104,12,1185784
"Anderson Varejao","CLE",17,"C",1.86,123.83,1982-09-28,"BR",11,NA,14,33,31,0,310,32,76,0.421,0,1,0,32,75,0.427,0.421,16,21,0.762,24,67,91,20,11,5,16,35,80,NA,NA
"Channing Frye","CLE",9,"C",1.86,115.67,1983-05-17,"US",9,"University of Arizona",12,32,26,3,446,71,161,0.441,43,114,0.377,28,47,0.596,0.575,11,14,0.786,12,81,93,26,8,8,13,56,196,6,7807579
"Dahntay Jones","CLE",30,"SF",2.01,102.06,1980-12-27,"US",11,"Duke University",17,35,1,0,42,6,14,0.429,1,2,0.5,5,12,0.417,0.464,0,0,NA,1,4,5,2,1,2,0,6,13,15,8819
"Iman Shumpert","CLE",4,"SG",1.98,99.79,1990-06-26,"US",4,"Georgia Institute of Technology",9,25,54,5,1316,114,305,0.374,43,146,0.295,71,159,0.447,0.444,40,51,0.784,32,171,203,92,54,19,57,119,311,5,9e+06
"J.R. Smith","CLE",5,"SG",2.01,102.06,1985-09-09,"US",11,NA,3,30,77,77,2362,353,850,0.415,204,510,0.4,149,340,0.438,0.535,45,71,0.634,43,174,217,130,81,21,59,204,955,7,5e+06
"James Jones","CLE",1,"SF",2.07,98.88,1980-10-04,"US",12,"University of Miami",11,35,48,0,463,58,142,0.408,41,104,0.394,17,38,0.447,0.553,21,26,0.808,8,42,50,14,11,10,13,50,178,10,1499000
"Jared Cunningham","CLE",9,"SG",1.95,88.45,1991-05-22,"US",3,"Oregon State University",13,24,40,3,355,32,91,0.352,10,32,0.313,22,59,0.373,0.407,30,48,0.625,3,26,29,19,12,2,18,37,104,NA,NA
"Joe Harris","CLE",12,"SG",2.01,99.34,1991-09-07,"US",1,"University of Virginia",18,24,5,0,15,1,4,0.25,1,4,0.25,0,0,NA,0.375,0,0,NA,0,3,3,2,0,0,1,1,3,NA,NA
"Jordan McRae","CLE",12,"PG",2.01,83.91,1991-03-28,"US",0,"University of Tennessee",15,24,15,1,113,23,52,0.442,7,11,0.636,16,41,0.39,0.51,9,13,0.692,2,10,12,15,0,1,9,10,62,14,172972
"Kevin Love","CLE",0,"PF",1.86,113.85,1988-09-07,"US",7,"University of California, Los Angeles",2,27,77,77,2424,409,977,0.419,158,439,0.36,251,538,0.467,0.499,258,314,0.822,149,613,762,186,58,41,142,159,1234,2,19500000
"Kyrie Irving","CLE",2,"PG",1.92,87.54,1992-03-23,"AU",4,"Duke University",6,23,53,53,1667,394,879,0.448,84,262,0.321,310,617,0.502,0.496,169,191,0.885,44,113,157,249,56,18,124,107,1041,3,14746000
"LeBron James","CLE",23,"SF",2.07,113.4,1984-12-30,"US",12,NA,1,31,76,76,2709,737,1416,0.52,87,282,0.309,650,1134,0.573,0.551,359,491,0.731,111,454,565,514,104,49,249,143,1920,1,22971000
"Matthew Dellavedova","CLE",8,"PG",1.95,89.81,1990-09-08,"AU",2,"Saint Mary's College of California",5,25,76,14,1867,207,511,0.405,98,239,0.41,109,272,0.401,0.501,57,66,0.864,33,129,162,337,44,9,116,178,569,13,1147280
"Mo Williams","CLE",52,"PG",1.86,89.81,1982-12-19,"US",12,"University of Alabama",10,33,41,14,748,132,302,0.437,36,102,0.353,96,200,0.48,0.497,38,42,0.905,6,66,72,98,14,5,57,60,338,9,2100000
"Richard Jefferson","CLE",24,"SF",2.04,105.69,1980-06-21,"US",14,"University of Arizona",8,35,74,5,1326,143,312,0.458,66,173,0.382,77,139,0.554,0.564,58,87,0.667,15,113,128,59,33,14,43,129,410,11,1499000
"Sasha Kaun","CLE",14,"C",1.86,117.93,1985-05-08,"RU",0,"University of Kansas",16,30,25,0,95,9,17,0.529,0,0,NA,9,17,0.529,0.529,5,11,0.455,12,14,26,3,4,5,7,11,23,12,1300000
"Timofey Mozgov","CLE",20,"C",2.16,124.74,1986-07-16,"RU",5,NA,7,29,76,48,1326,203,359,0.565,1,7,0.143,202,352,0.574,0.567,68,95,0.716,110,227,337,33,22,57,71,159,475,8,4950000
"Tristan Thompson","CLE",13,"PF",2.1,107.95,1991-03-13,"CA",4,"University of Texas at Austin",4,24,82,34,2269,247,420,0.588,0,0,NA,247,420,0.588,0.588,149,242,0.616,268,470,738,62,38,51,61,202,643,4,14260870
"Brandon Ashley","DAL",NA,NA,NA,NA,NA,NA,NA,NA,NA,NA,NA,NA,NA,NA,NA,NA,NA,NA,NA,NA,NA,NA,NA,NA,NA,NA,NA,NA,NA,NA,NA,NA,NA,NA,NA,19,50000
"Chandler Parsons","DAL",25,"SF",1.86,104.33,1988-10-25,"US",4,"University of Florida",6,27,61,51,1799,320,651,0.492,104,251,0.414,216,400,0.54,0.571,93,136,0.684,29,256,285,169,46,21,95,114,837,2,15361500
"Charlie Villanueva","DAL",3,"PF",1.86,105.23,1984-08-24,"US",10,"University of Connecticut",10,31,62,4,665,125,327,0.382,47,172,0.273,78,155,0.503,0.454,22,24,0.917,24,128,152,24,18,15,31,71,319,10,1499187
"Devin Harris","DAL",34,"PG",1.92,87.09,1983-02-27,"US",11,"University of Wisconsin",8,32,64,0,1280,167,374,0.447,52,158,0.329,115,216,0.532,0.516,101,140,0.721,18,120,138,118,60,13,66,124,487,6,4053000
"Dirk Nowitzki","DAL",41,"PF",2.13,111.13,1978-06-19,"DE",17,NA,2,37,75,75,2364,498,1112,0.448,126,342,0.368,372,770,0.483,0.504,250,280,0.893,52,437,489,132,52,52,84,161,1372,3,8333334
"Dwight Powell","DAL",7,"PF",1.86,108.86,1991-07-20,"CA",1,"Stanford University",9,24,69,2,992,146,296,0.493,2,16,0.125,144,280,0.514,0.497,105,142,0.739,84,189,273,44,36,24,40,118,399,15,845059
"Gal Mekel","DAL",NA,NA,NA,NA,NA,NA,NA,NA,NA,NA,NA,NA,NA,NA,NA,NA,NA,NA,NA,NA,NA,NA,NA,NA,NA,NA,NA,NA,NA,NA,NA,NA,NA,NA,NA,18,315760
"J.J. Barea","DAL",5,"PG",1.83,83.91,1984-06-26,"PR",9,"Northeastern University",7,31,74,16,1667,317,711,0.446,100,260,0.385,217,451,0.481,0.516,74,96,0.771,26,126,152,302,26,2,113,110,808,7,4e+06
"Jamil Wilson","DAL",NA,NA,NA,NA,NA,NA,NA,NA,NA,NA,NA,NA,NA,NA,NA,NA,NA,NA,NA,NA,NA,NA,NA,NA,NA,NA,NA,NA,NA,NA,NA,NA,NA,NA,NA,20,50000
"Jarrid Famous","DAL",NA,NA,NA,NA,NA,NA,NA,NA,NA,NA,NA,NA,NA,NA,NA,NA,NA,NA,NA,NA,NA,NA,NA,NA,NA,NA,NA,NA,NA,NA,NA,NA,NA,NA,NA,21,10000
"JaVale McGee","DAL",11,"C",2.13,122.47,1988-01-19,"US",7,"University of Nevada, Reno",14,28,34,2,370,77,134,0.575,0,1,0,77,133,0.579,0.575,18,36,0.5,53,80,133,3,5,26,21,49,172,13,1270964
"Jeremy Evans","DAL",21,"SF",2.1,90.72,1987-10-24,"US",5,"Western Kentucky University",15,28,30,2,251,26,48,0.542,4,16,0.25,22,32,0.688,0.583,15,21,0.714,11,43,54,2,6,9,7,19,71,14,1100602
"John Jenkins","DAL",12,"SG",1.95,97.52,1991-03-06,"US",3,"Vanderbilt University",16,24,21,1,193,29,70,0.414,3,19,0.158,26,51,0.51,0.436,8,9,0.889,4,18,22,9,3,0,11,11,69,NA,NA
"Justin Anderson","DAL",1,"SF",2.01,103.42,1993-11-19,"US",0,"University of Virginia",11,22,55,9,647,71,175,0.406,22,83,0.265,49,92,0.533,0.469,44,55,0.8,18,114,132,29,19,25,24,45,208,12,1449000
"Maurice Ndour","DAL",NA,NA,NA,NA,NA,NA,NA,NA,NA,NA,NA,NA,NA,NA,NA,NA,NA,NA,NA,NA,NA,NA,NA,NA,NA,NA,NA,NA,NA,NA,NA,NA,NA,NA,NA,16,525094
"Raymond Felton","DAL",2,"PG",1.86,92.99,1984-06-26,"US",10,"University of North Carolina",3,31,80,31,2192,277,682,0.406,60,213,0.282,217,469,0.463,0.45,149,176,0.847,36,222,258,284,68,15,121,141,763,8,3950313
"Salah Mejri","DAL",50,"C",2.16,111.13,1986-06-15,"TN",0,NA,13,29,34,6,397,49,78,0.628,0,1,0,49,77,0.636,0.628,27,46,0.587,41,82,123,10,8,36,23,54,125,17,525093
"Samuel Dalembert","DAL",NA,NA,NA,NA,NA,NA,NA,NA,NA,NA,NA,NA,NA,NA,NA,NA,NA,NA,NA,NA,NA,NA,NA,NA,NA,NA,NA,NA,NA,NA,NA,NA,NA,NA,NA,11,1499187
"Wesley Matthews","DAL",23,"SG",1.98,99.79,1986-10-14,"US",6,"Marquette University",1,29,78,78,2644,331,854,0.388,189,525,0.36,142,329,0.432,0.498,126,146,0.863,27,211,238,151,78,17,78,179,977,1,16400000
"Zaza Pachulia","DAL",27,"C",1.86,122.47,1984-02-10,"GE",12,NA,5,31,76,69,2004,219,470,0.466,0,3,0,219,467,0.469,0.466,212,276,0.768,249,469,718,128,64,22,119,181,650,5,5200000
"Axel Toupane","DEN",6,"SF",2.04,89.36,1992-07-23,"FR",0,NA,16,23,21,0,305,25,70,0.357,13,40,0.325,12,30,0.4,0.45,13,17,0.765,8,23,31,15,7,6,6,40,76,20,123552
"D.J. Augustin","DEN",12,"PG",1.83,83.01,1987-11-10,"US",7,"University of Texas at Austin",11,28,28,0,659,102,229,0.445,44,107,0.411,58,122,0.475,0.541,77,94,0.819,3,49,52,132,25,2,54,44,325,9,3e+06
"Danilo Gallinari","DEN",8,"SF",1.86,102.06,1988-08-08,"IT",6,NA,4,27,53,53,1839,287,700,0.41,87,239,0.364,200,461,0.434,0.472,375,432,0.868,52,229,281,135,42,19,77,87,1036,1,1.4e+07
"Darrell Arthur","DEN",0,"PF",2.1,106.59,1988-03-25,"US",6,"University of Kansas",7,27,70,16,1516,221,489,0.452,45,117,0.385,176,372,0.473,0.498,40,53,0.755,86,207,293,96,53,48,66,185,527,10,2814000
"Emmanuel Mudiay","DEN",0,"PG",1.98,90.72,1996-03-05,"CD",0,NA,3,19,68,66,2068,329,905,0.364,74,232,0.319,255,673,0.379,0.404,140,209,0.67,32,200,232,372,65,35,217,141,872,8,3102240
"Erick Green","DEN",11,"PG",1.95,83.91,1991-05-09,"US",1,"Virginia Polytechnic Institute and State University",19,24,3,0,7,0,1,0,0,1,0,0,0,NA,0,0,0,NA,0,1,1,1,0,0,0,0,0,21,1e+05
"Gary Harris","DEN",14,"SG",1.95,95.25,1994-09-14,"US",1,"Michigan State University",1,21,76,76,2439,359,765,0.469,105,297,0.354,254,468,0.543,0.538,109,133,0.82,54,166,220,147,97,18,98,143,932,13,1587480
"J.J. Hickson","DEN",7,"C",2.1,109.77,1988-09-04,"US",7,"North Carolina State University",15,27,20,9,305,55,109,0.505,0,0,NA,55,109,0.505,0.505,27,59,0.458,22,65,87,16,10,12,16,35,137,4,5613500
"JaKarr Sampson","DEN",9,"SF",2.1,97.07,1993-03-20,"US",1,"St. John's University",13,22,26,22,469,54,115,0.47,8,29,0.276,46,86,0.535,0.504,18,25,0.72,16,45,61,16,12,17,19,51,134,19,285489
"Jameer Nelson","DEN",1,"PG",1.83,86.18,1982-02-09,"US",11,"Saint Joseph's University",10,33,39,15,1036,113,307,0.368,43,144,0.299,70,163,0.429,0.438,30,35,0.857,19,96,115,190,25,5,66,100,299,5,4500000
"Joey Dorsey","DEN",NA,NA,NA,NA,NA,NA,NA,NA,NA,NA,NA,NA,NA,NA,NA,NA,NA,NA,NA,NA,NA,NA,NA,NA,NA,NA,NA,NA,NA,NA,NA,NA,NA,NA,NA,16,1015421
"Joffrey Lauvergne","DEN",77,"C",1.86,99.79,1991-09-30,"FR",1,NA,9,24,59,15,1041,195,380,0.513,13,53,0.245,182,327,0.557,0.53,62,69,0.899,77,213,290,56,13,15,54,115,465,12,1709720
"Jusuf Nurkic","DEN",23,"C",2.13,127.01,1994-08-23,"BA",1,NA,12,21,32,3,547,101,242,0.417,0,3,0,101,239,0.423,0.417,61,99,0.616,65,110,175,40,24,44,55,91,263,11,1842000
"Kenneth Faried","DEN",35,"PF",2.07,103.42,1989-11-19,"US",4,"Morehead State University",6,26,67,64,1694,349,626,0.558,1,2,0.5,348,624,0.558,0.558,136,222,0.613,235,346,581,79,32,60,91,169,835,2,11235955
"Kostas Papanikolaou","DEN",16,"SF",2.07,102.06,1990-07-31,"GR",1,NA,17,25,26,6,294,24,66,0.364,10,32,0.313,14,34,0.412,0.439,9,14,0.643,8,32,40,16,13,5,21,24,67,18,350000
"Mike Miller","DEN",3,"SF",2.07,98.88,1980-02-19,"US",15,"University of Florida",14,35,47,2,373,22,62,0.355,19,52,0.365,3,10,0.3,0.508,0,0,NA,6,47,53,40,13,4,17,53,63,14,1499187
"Nick Johnson","DEN",NA,NA,NA,NA,NA,NA,NA,NA,NA,NA,NA,NA,NA,NA,NA,NA,NA,NA,NA,NA,NA,NA,NA,NA,NA,NA,NA,NA,NA,NA,NA,NA,NA,NA,NA,17,845059
"Nikola Jokic","DEN",15,"C",1.86,113.4,1995-02-19,"RS",0,NA,5,20,80,55,1733,307,600,0.512,28,84,0.333,279,516,0.541,0.535,154,190,0.811,181,379,560,189,79,50,104,208,796,15,1300000
"Randy Foye","DEN",4,"SG",1.95,96.62,1983-09-24,"US",9,"Villanova University",8,32,54,7,1070,117,333,0.351,50,169,0.296,67,164,0.409,0.426,39,47,0.83,16,89,105,112,26,16,58,83,323,NA,NA
"Steve Novak","DEN",NA,NA,NA,NA,NA,NA,NA,NA,NA,NA,NA,NA,NA,NA,NA,NA,NA,NA,NA,NA,NA,NA,NA,NA,NA,NA,NA,NA,NA,NA,NA,NA,NA,NA,NA,6,3750000
"Will Barton","DEN",5,"SG",2.01,79.38,1991-01-06,"US",3,"University of Memphis",2,25,82,1,2353,425,983,0.432,112,325,0.345,313,658,0.476,0.489,216,268,0.806,59,417,476,203,71,39,139,147,1178,7,3333333
"Wilson Chandler","DEN",NA,NA,NA,NA,NA,NA,NA,NA,NA,NA,NA,NA,NA,NA,NA,NA,NA,NA,NA,NA,NA,NA,NA,NA,NA,NA,NA,NA,NA,NA,NA,NA,NA,NA,NA,3,10500000
"Aaron Gray","DET",NA,NA,NA,NA,NA,NA,NA,NA,NA,NA,NA,NA,NA,NA,NA,NA,NA,NA,NA,NA,NA,NA,NA,NA,NA,NA,NA,NA,NA,NA,NA,NA,NA,NA,NA,18,452059
"Adonis Thomas","DET",NA,NA,NA,NA,NA,NA,NA,NA,NA,NA,NA,NA,NA,NA,NA,NA,NA,NA,NA,NA,NA,NA,NA,NA,NA,NA,NA,NA,NA,NA,NA,NA,NA,NA,NA,21,60000
"Andre Drummond","DET",0,"C",1.86,126.55,1993-08-10,"US",3,"University of Connecticut",3,22,81,81,2666,552,1060,0.521,2,6,0.333,550,1054,0.522,0.522,208,586,0.355,395,803,1198,67,119,112,155,245,1314,7,3272091
"Anthony Tolliver","DET",43,"PF",2.07,108.86,1985-06-01,"US",7,"Creighton University",7,30,72,5,1341,128,332,0.386,98,272,0.36,30,60,0.5,0.533,29,47,0.617,39,190,229,52,26,16,28,86,383,8,3e+06
"Aron Baynes","DET",12,"C",1.86,117.93,1986-12-09,"NZ",3,"Washington State University",8,29,81,1,1233,194,384,0.505,0,2,0,194,382,0.508,0.505,126,165,0.764,140,244,384,51,21,52,67,151,514,3,6500000
"Brandon Jennings","DET",7,"PG",1.86,77.11,1989-09-23,"US",6,NA,12,26,23,1,416,53,143,0.371,24,77,0.312,29,66,0.439,0.455,27,38,0.711,5,41,46,70,11,2,22,24,157,NA,NA
"Cartier Martin","DET",NA,NA,NA,NA,NA,NA,NA,NA,NA,NA,NA,NA,NA,NA,NA,NA,NA,NA,NA,NA,NA,NA,NA,NA,NA,NA,NA,NA,NA,NA,NA,NA,NA,NA,NA,14,1270964
"Danny Granger","DET",NA,NA,NA,NA,NA,NA,NA,NA,NA,NA,NA,NA,NA,NA,NA,NA,NA,NA,NA,NA,NA,NA,NA,NA,NA,NA,NA,NA,NA,NA,NA,NA,NA,NA,NA,12,2170465
"Darrun Hilliard","DET",6,"SG",2.01,92.99,1993-04-13,"US",0,"Villanova University",13,22,38,2,383,52,131,0.397,19,50,0.38,33,81,0.407,0.469,29,40,0.725,5,40,45,27,9,1,19,28,152,17,525093
"Ersan Ilyasova","DET",23,"PF",1.86,106.59,1987-05-15,"TR",7,NA,6,28,52,52,1434,216,508,0.425,78,215,0.363,138,293,0.471,0.502,79,109,0.725,99,183,282,55,38,27,59,120,589,NA,NA
"Jodie Meeks","DET",20,"SG",1.95,95.25,1987-08-21,"US",6,"University of Kentucky",16,28,3,0,43,7,20,0.35,4,9,0.444,3,11,0.273,0.45,4,4,1,1,4,5,3,0,0,1,2,22,4,6270000
"Joel Anthony","DET",50,"C",2.1,111.13,1982-08-09,"CA",8,"University of Nevada, Las Vegas",15,33,19,0,96,6,10,0.6,0,0,NA,6,10,0.6,0.6,6,8,0.75,8,13,21,1,2,12,2,15,18,11,2500000
"Josh Smith","DET",NA,NA,NA,NA,NA,NA,NA,NA,NA,NA,NA,NA,NA,NA,NA,NA,NA,NA,NA,NA,NA,NA,NA,NA,NA,NA,NA,NA,NA,NA,NA,NA,NA,NA,NA,5,5400000
"Justin Harper","DET",32,"PF",1.86,102.06,1989-08-30,"US",1,"University of Richmond",17,26,5,0,35,4,10,0.4,4,9,0.444,0,1,0,0.6,1,2,0.5,0,1,1,0,1,0,2,3,13,20,99418
"Kentavious Caldwell-Pope","DET",5,"SG",1.98,92.99,1993-02-18,"US",2,"University of Georgia",2,22,76,76,2789,403,960,0.42,114,369,0.309,289,591,0.489,0.479,185,228,0.811,70,212,282,138,110,17,105,167,1105,9,2891760
"Lorenzo Brown","DET",NA,NA,NA,NA,NA,NA,NA,NA,NA,NA,NA,NA,NA,NA,NA,NA,NA,NA,NA,NA,NA,NA,NA,NA,NA,NA,NA,NA,NA,NA,NA,NA,NA,NA,NA,19,117016
"Marcus Morris","DET",13,"SF",2.1,106.59,1989-09-02,"US",4,"University of Kansas",1,26,80,80,2856,410,945,0.434,108,298,0.362,302,647,0.467,0.491,203,271,0.749,91,313,404,201,67,23,140,170,1131,6,5e+06
"Reggie Bullock","DET",25,"SF",2.04,92.99,1991-03-16,"US",2,"University of North Carolina",11,24,37,0,429,43,98,0.439,22,53,0.415,21,45,0.467,0.551,14,15,0.933,14,54,68,27,10,2,8,29,122,15,1252440
"Reggie Jackson","DET",1,"PG",1.92,94.35,1990-04-16,"IT",4,"Boston College",4,25,79,79,2424,540,1244,0.434,118,334,0.353,422,910,0.464,0.482,291,337,0.864,58,195,253,492,59,11,223,187,1489,2,1.4e+07
"Spencer Dinwiddie","DET",8,"PG",2.01,90.72,1993-04-06,"US",1,"University of Colorado",14,22,12,0,159,19,54,0.352,1,10,0.1,18,44,0.409,0.361,19,33,0.576,4,13,17,22,3,0,7,20,58,16,845059
"Stanley Johnson","DET",3,"SF",2.04,111.13,1996-05-29,"US",0,"University of Arizona",5,19,73,6,1687,225,600,0.375,63,205,0.307,162,395,0.41,0.428,80,102,0.784,58,248,306,118,55,12,114,178,593,10,2841960
"Steve Blake","DET",22,"PG",1.92,78.02,1980-02-26,"US",12,"University of Maryland",9,35,58,2,986,93,240,0.388,52,151,0.344,41,89,0.461,0.496,16,20,0.8,9,80,89,200,24,5,81,70,254,13,2170465
"Tobias Harris","DET",34,"PF",2.1,106.59,1992-07-15,"US",4,"University of Tennessee",10,23,27,25,903,166,348,0.477,33,88,0.375,133,260,0.512,0.524,82,90,0.911,25,143,168,70,18,12,30,62,447,1,1.6e+07
"Andre Iguodala","GSW",9,"SF",2.01,97.52,1984-01-28,"US",11,"University of Arizona",5,32,65,1,1732,176,368,0.478,54,154,0.351,122,214,0.57,0.552,51,83,0.614,52,211,263,219,73,19,79,102,457,4,11710456
"Andrew Bogut","GSW",12,"C",2.13,117.93,1984-11-28,"AU",10,"University of Utah",7,31,70,66,1451,175,279,0.627,1,1,1,174,278,0.626,0.629,24,50,0.48,121,371,492,162,33,114,83,221,375,3,1.2e+07
"Brandon Rush","GSW",4,"SG",2.01,99.79,1985-07-07,"US",7,"University of Kansas",9,30,72,25,1055,111,260,0.427,65,157,0.414,46,103,0.447,0.552,18,28,0.643,21,160,181,57,20,23,33,57,305,12,1270964
"Draymond Green","GSW",23,"PF",2.04,104.33,1990-03-04,"US",3,"Michigan State University",1,25,81,81,2808,401,819,0.49,100,258,0.388,301,561,0.537,0.551,229,329,0.696,134,635,769,598,119,113,259,240,1131,2,14300000
"Festus Ezeli","GSW",31,"C",1.86,115.67,1989-10-21,"NG",2,"Vanderbilt University",11,26,46,13,770,125,228,0.548,0,0,NA,125,228,0.548,0.548,70,132,0.53,91,166,257,32,18,50,38,94,320,11,2008748
"Harrison Barnes","GSW",40,"SF",2.07,95.25,1992-05-30,"US",3,"University of North Carolina",4,23,66,59,2042,295,633,0.466,82,214,0.383,213,419,0.508,0.531,102,134,0.761,77,248,325,117,41,10,57,136,774,8,3873398
"Ian Clark","GSW",21,"SG",1.92,79.38,1991-03-07,"US",2,"Belmont University",12,24,66,1,578,89,202,0.441,30,84,0.357,59,118,0.5,0.515,28,34,0.824,13,55,68,64,17,13,43,58,236,14,947276
"James Michael McAdoo","GSW",20,"PF",2.1,104.33,1993-01-04,"US",1,"University of North Carolina",13,23,41,1,262,45,84,0.536,1,2,0.5,44,82,0.537,0.542,26,49,0.531,30,28,58,17,10,8,16,39,117,15,845059
"Jason Thompson","GSW",1,"C",1.86,113.4,1986-07-21,"US",7,"Rider University",15,29,28,1,179,20,42,0.476,0,0,NA,20,42,0.476,0.476,20,32,0.625,10,44,54,19,4,8,7,40,60,6,6431250
"Kevon Looney","GSW",36,"PF",2.1,99.79,1996-02-06,"US",0,"University of California, Los Angeles",16,19,5,0,21,4,7,0.571,1,2,0.5,3,5,0.6,0.643,0,0,NA,4,6,10,0,0,0,1,2,9,13,1131960
"Klay Thompson","GSW",11,"SG",2.04,97.52,1990-02-08,"US",4,"Washington State University",3,25,80,80,2666,651,1386,0.47,276,650,0.425,375,736,0.51,0.569,193,221,0.873,35,271,306,166,60,49,138,152,1771,1,15500000
"Leandro Barbosa","GSW",19,"SG",1.92,88,1982-11-28,"BR",12,NA,8,33,68,0,1079,171,370,0.462,39,110,0.355,132,260,0.508,0.515,52,62,0.839,28,89,117,82,44,10,53,107,433,10,2500000
"Marreese Speights","GSW",5,"C",1.86,115.67,1987-08-04,"US",7,"University of Florida",10,28,72,0,832,197,456,0.432,24,62,0.387,173,394,0.439,0.458,94,114,0.825,77,162,239,61,19,34,66,117,512,9,3815000
"Shaun Livingston","GSW",34,"PG",2.04,87.09,1985-09-11,"US",10,NA,6,30,78,3,1520,203,379,0.536,2,12,0.167,201,367,0.548,0.538,80,93,0.86,42,127,169,237,57,27,78,140,488,7,5543725
"Stephen Curry","GSW",30,"PG",1.92,86.18,1988-03-14,"US",6,"Davidson College",2,27,79,79,2700,805,1598,0.504,402,886,0.454,403,712,0.566,0.63,363,400,0.908,68,362,430,527,169,15,262,161,2375,5,11370786
"Andrew Goudelock","HOU",0,"PG",1.92,90.72,1988-12-07,"US",2,"College of Charleston",16,27,8,0,50,9,20,0.45,1,9,0.111,8,11,0.727,0.475,3,4,0.75,1,1,2,4,6,2,7,4,22,17,200600
"Chuck Hayes","HOU",44,"C",2.01,108.86,1983-06-11,"US",10,"University of Kentucky",17,32,2,0,24,1,2,0.5,0,0,NA,1,2,0.5,0.5,2,2,1,0,8,8,2,0,0,3,6,4,18,83583
"Clint Capela","HOU",15,"C",1.86,108.86,1994-05-18,"CH",1,NA,6,21,77,35,1471,231,397,0.582,0,1,0,231,396,0.583,0.582,80,211,0.379,194,300,494,47,59,92,60,190,542,13,1242720
"Corey Brewer","HOU",33,"SF",2.1,84.37,1986-03-05,"US",8,"University of Florida",5,29,82,12,1669,212,552,0.384,61,224,0.272,151,328,0.46,0.439,105,140,0.75,42,157,199,109,84,19,78,168,590,4,8200000
"Donatas Motiejunas","HOU",20,"PF",2.13,100.7,1990-09-20,"LT",3,NA,11,25,37,22,547,90,205,0.439,16,57,0.281,74,148,0.5,0.478,34,53,0.642,37,72,109,41,17,5,44,69,230,9,2288205
"Dwight Howard","HOU",12,"C",1.86,120.2,1985-12-08,"US",11,NA,3,30,71,71,2280,372,600,0.62,0,6,0,372,594,0.626,0.62,232,474,0.489,238,597,835,98,69,113,166,219,976,1,22359364
"James Harden","HOU",13,"SG",1.98,99.79,1989-08-26,"US",6,"Arizona State University",1,26,82,82,3125,710,1617,0.439,236,657,0.359,474,960,0.494,0.512,720,837,0.86,63,438,501,612,139,51,374,229,2376,2,15756438
"Jason Terry","HOU",31,"SG",1.89,83.91,1977-09-15,"US",16,"University of Arizona",7,38,72,7,1258,151,376,0.402,93,261,0.356,58,115,0.504,0.525,27,33,0.818,14,65,79,103,47,9,49,91,422,11,1499187
"K.J. McDaniels","HOU",32,"SF",2.01,92.99,1993-02-09,"US",1,"Clemson University",15,22,37,1,235,29,72,0.403,7,25,0.28,22,47,0.468,0.451,24,30,0.8,16,26,42,10,7,6,17,30,89,7,3333333
"Marcus Thornton","HOU",10,"SG",1.95,92.99,1987-06-05,"US",6,"Louisiana State University",10,28,47,6,885,174,435,0.4,73,216,0.338,101,219,0.461,0.484,51,58,0.879,31,84,115,66,34,3,40,73,472,14,1186000
"Michael Beasley","HOU",8,"SF",2.1,106.59,1989-01-09,"US",7,"Kansas State University",14,27,20,0,363,107,205,0.522,3,9,0.333,104,196,0.531,0.529,38,49,0.776,29,69,98,16,11,9,24,39,255,16,306527
"Montrezl Harrell","HOU",35,"PF",2.07,108.86,1994-01-26,"US",0,"University of Louisville",13,22,39,1,379,58,90,0.644,0,1,0,58,89,0.652,0.644,24,46,0.522,25,40,65,17,11,11,17,48,140,15,1e+06
"Patrick Beverley","HOU",2,"PG",1.86,83.91,1988-07-12,"US",3,"University of Arkansas",4,27,71,63,2041,258,594,0.434,124,310,0.4,134,284,0.472,0.539,60,88,0.682,73,177,250,239,94,26,91,234,700,6,6500000
"Sam Dekker","HOU",7,"SF",2.1,104.33,1994-05-06,"US",0,"University of Wisconsin",18,21,3,0,6,0,0,NA,0,0,NA,0,0,NA,NA,0,0,NA,0,1,1,0,1,0,0,0,0,10,1646400
"Terrence Jones","HOU",6,"PF",2.1,114.31,1992-01-09,"US",3,"University of Kentucky",9,24,50,11,1044,166,367,0.452,25,79,0.316,141,288,0.49,0.486,77,116,0.664,62,149,211,41,23,39,49,86,434,8,2489530
"Trevor Ariza","HOU",1,"SF",2.07,97.52,1985-06-30,"US",11,"University of California, Los Angeles",2,30,81,81,2859,357,859,0.416,185,499,0.371,172,360,0.478,0.523,126,161,0.783,67,299,366,188,160,26,113,177,1025,5,8193030
"Ty Lawson","HOU",3,"PG",1.56,88.45,1987-11-03,"US",6,"University of North Carolina",8,28,53,12,1176,111,287,0.387,31,94,0.33,80,193,0.415,0.441,56,80,0.7,20,69,89,180,43,6,82,71,309,3,12404495
"C.J. Miles","IND",0,"SF",2.01,102.06,1987-04-18,"US",10,NA,7,28,64,24,1464,259,634,0.409,142,387,0.367,117,247,0.474,0.521,93,124,0.75,25,150,175,63,53,29,70,142,753,6,4394225
"Chase Budinger","IND",10,"SF",2.04,94.8,1988-05-22,"US",6,"University of Arizona",11,27,49,2,729,81,194,0.418,20,69,0.29,61,125,0.488,0.469,34,48,0.708,31,90,121,49,29,9,31,46,216,5,5e+06
"George Hill","IND",3,"PG",1.92,85.28,1986-05-04,"US",7,"Indiana University-Purdue University Indianapolis",3,29,74,73,2524,326,739,0.441,128,314,0.408,198,425,0.466,0.528,114,150,0.76,58,240,298,259,83,17,101,149,894,3,8e+06
"Glenn Robinson","IND",40,"SF",2.01,100.7,1994-01-08,"US",1,"University of Michigan",12,22,45,4,508,65,151,0.43,14,37,0.378,51,114,0.447,0.477,27,39,0.692,12,56,68,26,17,9,18,21,171,15,845000
"Ian Mahinmi","IND",28,"C",1.86,113.4,1986-11-05,"FR",7,NA,4,29,71,71,1816,264,448,0.589,0,0,NA,264,448,0.589,0.589,132,225,0.587,138,369,507,104,65,75,100,220,660,8,4e+06
"Jordan Hill","IND",27,"C",1.86,106.59,1987-07-27,"US",6,"University of Arizona",6,28,73,11,1513,278,549,0.506,0,1,0,278,548,0.507,0.506,89,125,0.712,156,295,451,87,36,37,92,155,645,7,4e+06
"Joseph Young","IND",1,"PG",1.89,81.65,1992-06-27,"US",0,"University of Oregon",13,23,41,0,384,62,169,0.367,10,46,0.217,52,123,0.423,0.396,20,25,0.8,6,44,50,65,15,0,33,30,154,13,1e+06
"Lavoy Allen","IND",5,"PF",2.1,117.93,1989-02-04,"US",4,"Temple University",5,26,79,28,1599,191,370,0.516,0,0,NA,191,370,0.516,0.516,46,73,0.63,162,262,424,76,26,42,69,147,428,9,3700000
"Monta Ellis","IND",11,"SG",1.92,83.91,1985-10-26,"US",10,NA,2,30,81,81,2734,436,1021,0.427,87,282,0.309,349,739,0.472,0.47,162,206,0.786,42,229,271,383,150,37,203,174,1121,2,10300000
"Myles Turner","IND",33,"C",1.86,110.22,1996-03-24,"US",0,"University of Texas at Austin",8,19,60,30,1367,264,530,0.498,3,14,0.214,261,516,0.506,0.501,88,121,0.727,68,264,332,41,25,86,67,158,619,10,2357760
"Paul George","IND",13,"SF",2.1,99.79,1990-05-02,"US",5,"California State University, Fresno",1,25,81,81,2819,605,1449,0.418,210,566,0.371,395,883,0.447,0.49,454,528,0.86,79,484,563,329,152,29,265,230,1874,1,17120106
"Rakeem Christmas","IND",25,"PF",2.1,113.4,1991-12-01,"US",0,"Syracuse University",16,24,1,0,6,2,2,1,0,0,NA,2,2,1,1,0,0,NA,1,0,1,0,0,0,0,1,4,12,1e+06
"Rodney Stuckey","IND",2,"PG",1.98,95.25,1986-04-21,"US",8,"Eastern Washington University",9,29,58,1,1275,183,443,0.413,20,83,0.241,163,360,0.453,0.436,131,158,0.829,19,137,156,142,43,8,76,77,517,4,6500000
"Shayne Whittington","IND",42,"PF",1.86,113.4,1991-03-27,"US",1,"Western Michigan University",15,24,7,0,41,5,11,0.455,0,2,0,5,9,0.556,0.455,1,2,0.5,5,7,12,3,1,1,5,7,11,14,845059
"Solomon Hill","IND",44,"SF",2.04,102.06,1991-03-18,"US",2,"University of Arizona",10,24,59,3,866,93,208,0.447,24,74,0.324,69,134,0.515,0.505,36,42,0.857,39,127,166,57,37,11,33,68,246,11,1358880
"Toney Douglas","IND",NA,NA,NA,NA,NA,NA,NA,NA,NA,NA,NA,NA,NA,NA,NA,NA,NA,NA,NA,NA,NA,NA,NA,NA,NA,NA,NA,NA,NA,NA,NA,NA,NA,NA,NA,16,6e+05
"Alex Stepheson","LAC",35,"PF",1.86,122.47,1987-08-07,"US",0,"University of Southern California",18,28,4,0,12,1,1,1,0,0,NA,1,1,1,1,0,2,0,1,1,2,0,0,2,0,4,2,18,61776
"Austin Rivers","LAC",25,"SG",1.95,90.72,1992-08-01,"US",3,"Duke University",6,23,67,7,1464,226,516,0.438,62,185,0.335,164,331,0.495,0.498,79,116,0.681,22,108,130,99,48,9,61,137,593,8,3100000
"Blake Griffin","LAC",32,"PF",1.86,113.85,1989-03-16,"US",5,"University of Oklahoma",9,26,35,35,1170,301,603,0.499,6,18,0.333,295,585,0.504,0.504,141,194,0.727,51,243,294,170,28,17,83,95,749,3,18907725
"Branden Dawson","LAC",22,"PF",2.01,102.06,1993-02-01,"US",0,"Michigan State University",17,22,6,0,29,2,5,0.4,0,0,NA,2,5,0.4,0.4,1,1,1,2,2,4,0,0,1,0,2,5,15,525093
"C.J. Wilcox","LAC",30,"SG",1.98,88.45,1990-12-30,"US",1,"University of Washington",15,25,23,0,167,26,66,0.394,9,23,0.391,17,43,0.395,0.462,9,12,0.75,1,11,12,10,10,2,2,15,70,10,1159680
"Carlos Delfino","LAC",NA,NA,NA,NA,NA,NA,NA,NA,NA,NA,NA,NA,NA,NA,NA,NA,NA,NA,NA,NA,NA,NA,NA,NA,NA,NA,NA,NA,NA,NA,NA,NA,NA,NA,NA,14,650000
"Chris Paul","LAC",3,"PG",1.83,79.38,1985-05-06,"US",10,"Wake Forest University",2,30,74,74,2420,515,1114,0.462,122,329,0.371,393,785,0.501,0.517,294,328,0.896,39,271,310,738,152,13,194,185,1446,1,21468696
"Cole Aldrich","LAC",45,"C",1.86,113.4,1988-10-31,"US",5,"University of Kansas",11,27,60,5,800,134,225,0.596,0,0,NA,134,225,0.596,0.596,60,84,0.714,86,202,288,50,47,68,64,139,328,12,1100600
"DeAndre Jordan","LAC",6,"C",1.86,120.2,1988-07-21,"US",7,"Texas A&M University",1,27,77,77,2598,357,508,0.703,0,1,0,357,507,0.704,0.703,266,619,0.43,267,792,1059,90,51,177,107,207,980,2,19500000
"J.J. Redick","LAC",4,"SG",1.95,86.18,1984-06-24,"US",9,"Duke University",4,31,75,75,2097,422,880,0.48,200,421,0.475,222,459,0.484,0.593,182,205,0.888,10,129,139,106,42,5,78,135,1226,5,6867000
"Jamal Crawford","LAC",11,"SG",1.98,90.72,1980-03-20,"US",15,"University of Michigan",3,35,79,5,2126,379,939,0.404,117,344,0.34,262,595,0.44,0.466,245,271,0.904,20,125,145,183,52,12,113,122,1120,6,5675000
"Jeff Ayres","LAC",19,"C",2.1,108.86,1987-04-29,"US",5,"Arizona State University",16,28,17,0,107,12,23,0.522,0,1,0,12,22,0.545,0.522,6,6,1,4,18,22,5,0,3,6,18,30,16,317232
"Jeff Green","LAC",8,"SF",2.1,106.59,1986-08-28,"US",7,"Georgetown University",12,29,27,10,709,114,267,0.427,25,77,0.325,89,190,0.468,0.474,40,65,0.615,19,72,91,40,18,21,24,62,293,4,9200000
"Lance Stephenson","LAC",1,"SF",1.98,104.33,1990-09-05,"US",5,"University of Cincinnati",13,25,43,10,680,82,166,0.494,19,47,0.404,63,119,0.529,0.551,21,30,0.7,19,89,108,60,24,3,48,79,204,NA,NA
"Luc Mbah a Moute","LAC",12,"PF",2.07,104.33,1986-09-09,"CM",7,"University of California, Los Angeles",7,29,75,61,1274,94,207,0.454,13,40,0.325,81,167,0.485,0.486,30,57,0.526,60,111,171,30,44,19,34,100,231,9,1270964
"Miroslav Raduljica","LAC",NA,NA,NA,NA,NA,NA,NA,NA,NA,NA,NA,NA,NA,NA,NA,NA,NA,NA,NA,NA,NA,NA,NA,NA,NA,NA,NA,NA,NA,NA,NA,NA,NA,NA,NA,17,3e+05
"Pablo Prigioni","LAC",9,"PG",1.92,83.91,1977-05-17,"AR",3,NA,10,38,59,3,823,55,147,0.374,28,95,0.295,27,52,0.519,0.469,7,8,0.875,38,76,114,130,53,1,49,82,145,13,981348
"Paul Pierce","LAC",34,"SF",2.04,106.59,1977-10-13,"US",17,"University of Kansas",8,38,68,38,1231,144,397,0.363,75,242,0.31,69,155,0.445,0.457,54,66,0.818,12,174,186,71,33,17,58,129,417,7,3400000
"Wesley Johnson","LAC",33,"SF",2.04,97.52,1987-07-11,"US",5,"Syracuse University",5,28,80,9,1666,208,515,0.404,103,309,0.333,105,206,0.51,0.504,30,46,0.652,37,211,248,49,89,56,54,173,549,11,1100600
"Anthony Brown","LAL",3,"SF",2.04,95.25,1992-10-10,"US",0,"Stanford University",11,23,29,11,599,39,126,0.31,20,70,0.286,19,56,0.339,0.389,17,20,0.85,9,61,70,19,14,5,15,34,115,14,7e+05
"Brandon Bass","LAL",2,"PF",2.07,113.4,1985-04-30,"US",10,"Louisiana State University",7,30,66,0,1342,174,317,0.549,0,2,0,174,315,0.552,0.549,125,148,0.845,104,181,285,74,33,55,42,125,473,7,3e+06
"D'Angelo Russell","LAL",1,"PG",1.98,88.45,1996-02-23,"US",0,"Ohio State University",3,19,80,48,2259,392,956,0.41,130,370,0.351,262,586,0.447,0.478,140,190,0.737,47,227,274,266,93,13,196,142,1054,5,5103120
"Jonathan Holmes","LAL",NA,NA,NA,NA,NA,NA,NA,NA,NA,NA,NA,NA,NA,NA,NA,NA,NA,NA,NA,NA,NA,NA,NA,NA,NA,NA,NA,NA,NA,NA,NA,NA,NA,NA,NA,16,1e+05
"Jordan Clarkson","LAL",6,"SG",1.98,88,1992-06-07,"US",1,"University of Missouri",1,23,79,79,2552,475,1098,0.433,111,320,0.347,364,778,0.468,0.483,164,204,0.804,93,220,313,192,88,7,135,168,1225,12,845059
"Julius Randle","LAL",30,"PF",2.1,113.4,1994-11-29,"US",1,"University of Kentucky",2,21,81,60,2286,358,835,0.429,10,36,0.278,348,799,0.436,0.435,193,270,0.715,172,657,829,144,53,29,149,242,919,6,3132240
"Kobe Bryant","LAL",24,"SF",2.01,96.16,1978-08-23,"US",19,NA,6,37,66,66,1863,398,1113,0.358,133,467,0.285,265,646,0.41,0.417,232,281,0.826,41,206,247,184,62,13,129,115,1161,1,2.5e+07
"Larry Nance Jr.","LAL",7,"PF",2.1,104.33,1993-01-01,"US",0,"University of Wyoming",8,23,63,22,1266,158,300,0.527,1,10,0.1,157,290,0.541,0.528,32,47,0.681,101,211,312,44,54,23,41,124,349,10,1155600
"Lou Williams","LAL",23,"SG",1.86,79.38,1986-10-27,"US",10,NA,4,29,67,35,1907,283,693,0.408,110,320,0.344,173,373,0.464,0.488,352,424,0.83,31,138,169,167,62,19,107,107,1028,3,7e+06
"Marcelo Huertas","LAL",9,"PG",1.92,90.72,1983-05-25,"BR",0,NA,10,32,53,0,869,97,230,0.422,16,61,0.262,81,169,0.479,0.457,27,29,0.931,18,72,90,182,26,7,80,76,237,15,525093
"Metta World Peace","LAL",37,"SF",2.01,117.93,1979-11-13,"US",15,"St. John's University",12,36,35,5,590,55,177,0.311,26,84,0.31,29,93,0.312,0.384,40,57,0.702,19,70,89,27,22,11,15,67,176,9,1499187
"Michael Frazier","LAL",NA,NA,NA,NA,NA,NA,NA,NA,NA,NA,NA,NA,NA,NA,NA,NA,NA,NA,NA,NA,NA,NA,NA,NA,NA,NA,NA,NA,NA,NA,NA,NA,NA,NA,NA,17,50000
"Nick Young","LAL",0,"SG",2.04,95.25,1985-06-01,"US",8,"University of Southern California",9,30,54,2,1033,126,372,0.339,77,237,0.325,49,135,0.363,0.442,63,76,0.829,14,83,97,34,23,7,30,50,392,4,5219169
"Robert Sacre","LAL",50,"C",2.13,122.47,1989-06-06,"US",3,"Gonzaga University",15,26,25,1,320,31,75,0.413,0,0,NA,31,75,0.413,0.413,25,38,0.658,32,40,72,14,4,10,12,43,87,11,981348
"Robert Upshaw","LAL",NA,NA,NA,NA,NA,NA,NA,NA,NA,NA,NA,NA,NA,NA,NA,NA,NA,NA,NA,NA,NA,NA,NA,NA,NA,NA,NA,NA,NA,NA,NA,NA,NA,NA,NA,18,35000
"Roy Hibbert","LAL",17,"C",2.19,122.47,1986-12-11,"US",7,"Georgetown University",5,29,81,81,1878,182,411,0.443,0,2,0,182,409,0.445,0.443,117,145,0.807,132,266,398,95,32,110,76,252,481,2,15500000
"Ryan Kelly","LAL",4,"PF",1.86,104.33,1991-04-09,"US",2,"Duke University",14,24,36,0,470,55,149,0.369,5,37,0.135,50,112,0.446,0.386,37,54,0.685,21,100,121,20,13,10,18,39,152,8,1724250
"Tarik Black","LAL",28,"C",2.1,113.4,1991-11-22,"US",1,"University of Kansas",13,24,39,0,496,57,104,0.548,0,0,NA,57,104,0.548,0.548,19,45,0.422,44,113,157,16,14,18,22,78,133,13,845059
"Beno Udrih","MEM",19,"PG",1.92,92.99,1982-07-05,"SI",11,NA,21,33,8,0,120,20,46,0.435,4,11,0.364,16,35,0.457,0.478,3,3,1,2,7,9,26,3,1,11,11,47,NA,NA
"Brandan Wright","MEM",34,"PF",1.86,95.25,1987-10-05,"US",7,"University of North Carolina",19,28,12,2,212,35,52,0.673,0,0,NA,35,52,0.673,0.673,13,24,0.542,14,29,43,6,5,15,10,21,83,5,5500000
"Briante Weber","MEM",2,"PG",1.89,74.84,1992-12-29,"US",0,"Virginia Commonwealth University",20,23,6,4,166,13,38,0.342,0,5,0,13,33,0.394,0.342,3,4,0.75,8,16,24,20,9,3,9,11,29,23,30888
"Bryce Cotton","MEM",8,"PG",1.86,74.84,1992-08-11,"US",1,"Providence College",27,23,5,0,6,2,2,1,0,0,NA,2,2,1,1,0,0,NA,0,0,0,0,0,0,0,0,4,21,64622
"Chris Andersen","MEM",7,"C",1.86,111.13,1978-07-07,"US",13,"Blinn College",15,37,20,14,366,34,62,0.548,2,9,0.222,32,53,0.604,0.565,22,32,0.688,33,56,89,9,14,10,7,25,92,7,5e+06
"James Ennis","MEM",8,"SF",2.04,95.25,1990-07-01,"US",1,"California State University, Long Beach",25,25,10,0,40,4,13,0.308,2,8,0.25,2,5,0.4,0.385,6,10,0.6,4,3,7,2,4,2,2,1,16,14,845059
"JaMychal Green","MEM",0,"PF",2.1,102.97,1990-06-21,"US",1,"University of Alabama",8,25,78,15,1446,230,495,0.465,15,45,0.333,215,450,0.478,0.48,103,137,0.752,139,234,373,67,46,33,83,189,578,15,845059
"Jarell Martin","MEM",10,"PF",1.86,108.41,1994-05-24,"US",0,"Louisiana State University",13,21,27,0,380,54,116,0.466,0,2,0,54,114,0.474,0.466,45,62,0.726,39,47,86,15,8,7,19,58,153,12,1230840
"Jarnell Stokes","MEM",1,"C",2.1,119.29,1994-01-07,"US",1,"University of Tennessee",28,22,2,0,4,0,0,NA,0,0,NA,0,0,NA,NA,0,0,NA,1,1,2,0,0,0,0,0,0,NA,NA
"Jordan Adams","MEM",3,"SG",1.98,94.8,1994-07-08,"US",1,"University of California, Los Angeles",26,21,2,0,15,2,6,0.333,0,1,0,2,5,0.4,0.333,3,5,0.6,0,2,2,3,3,0,2,2,7,11,1404600
"Jordan Farmar","MEM",4,"PG",1.89,81.65,1986-11-30,"US",8,"University of California, Los Angeles",16,29,12,10,291,42,100,0.42,16,45,0.356,26,55,0.473,0.5,10,10,1,4,21,25,37,15,2,18,22,110,18,191456
"Marc Gasol","MEM",33,"C",2.16,115.67,1985-01-29,"ES",7,NA,3,31,52,52,1791,328,707,0.464,2,3,0.667,326,704,0.463,0.465,203,245,0.829,58,304,362,196,50,70,118,141,861,1,19700000
"Mario Chalmers","MEM",6,"PG",1.89,86.18,1986-05-19,"US",7,"University of Kansas",9,29,55,7,1253,172,412,0.417,45,138,0.326,127,274,0.464,0.472,206,249,0.827,23,120,143,211,80,12,101,165,595,8,4300000
"Matt Barnes","MEM",22,"SF",2.04,102.51,1980-03-09,"US",12,"University of California, Los Angeles",1,35,76,45,2190,264,693,0.381,119,370,0.322,145,323,0.449,0.467,111,138,0.804,84,336,420,163,78,57,121,234,758,10,3542500
"Mike Conley","MEM",11,"PG",1.86,79.38,1987-10-11,"US",8,"Ohio State University",4,28,56,56,1761,294,696,0.422,78,215,0.363,216,481,0.449,0.478,191,229,0.834,26,138,164,342,67,16,84,100,857,3,9588426
"Ray McCallum","MEM",5,"PG",1.92,86.18,1991-06-12,"US",2,"University of Detroit Mercy",18,24,10,3,219,28,79,0.354,10,26,0.385,18,53,0.34,0.418,3,5,0.6,2,14,16,27,7,3,13,15,69,19,111444
"Russ Smith","MEM",2,"PG",1.83,74.84,1991-04-19,"US",1,"University of Louisville",22,24,15,0,66,7,22,0.318,1,5,0.2,6,17,0.353,0.341,8,13,0.615,1,8,9,11,5,1,7,5,23,16,816482
"Ryan Hollins","MEM",20,"C",2.13,108.86,1984-10-10,"US",9,"University of California, Los Angeles",12,31,32,9,412,45,72,0.625,0,0,NA,45,72,0.625,0.625,26,42,0.619,40,47,87,10,6,20,21,58,116,17,593056
"Tony Allen","MEM",9,"SG",1.95,96.62,1982-01-11,"US",11,"Oklahoma State University",5,34,64,57,1620,215,469,0.458,15,42,0.357,200,427,0.468,0.474,90,138,0.652,104,192,296,70,110,18,78,175,535,6,5168539
"Vince Carter","MEM",15,"SG",2.01,99.79,1977-01-26,"US",17,"University of North Carolina",10,39,60,3,1005,133,343,0.388,59,169,0.349,74,174,0.425,0.474,70,84,0.833,31,115,146,56,38,16,35,101,395,9,4088091
"Xavier Munford","MEM",14,"SG",1.89,81.65,1992-06-01,"US",0,"University of Rhode Island",17,23,14,0,244,32,77,0.416,9,23,0.391,23,54,0.426,0.474,7,14,0.5,3,28,31,22,13,3,15,25,80,20,89588
"Zach Randolph","MEM",50,"PF",2.1,117.93,1981-07-16,"US",14,"Michigan State University",2,34,68,53,2016,431,907,0.475,6,26,0.231,425,881,0.482,0.479,172,216,0.796,179,350,529,142,43,13,105,146,1040,2,9638555
"Amar'e Stoudemire","MIA",5,"C",1.86,111.13,1982-11-16,"US",13,NA,11,33,52,36,762,125,221,0.566,0,0,NA,125,221,0.566,0.566,50,67,0.746,65,157,222,27,18,41,47,92,300,9,1499187
"Chris Bosh","MIA",1,"PF",1.86,106.59,1984-03-24,"US",12,"Georgia Institute of Technology",6,31,53,53,1778,358,767,0.467,81,222,0.365,277,545,0.508,0.52,213,268,0.795,48,342,390,128,36,34,78,101,1010,1,22192730
"Dorell Wright","MIA",NA,NA,NA,NA,NA,NA,NA,NA,NA,NA,NA,NA,NA,NA,NA,NA,NA,NA,NA,NA,NA,NA,NA,NA,NA,NA,NA,NA,NA,NA,NA,NA,NA,NA,NA,15,17637
"Dwyane Wade","MIA",3,"SG",1.95,99.79,1982-01-17,"US",12,"Marquette University",3,34,74,73,2258,540,1183,0.456,7,44,0.159,533,1139,0.468,0.459,322,406,0.793,82,220,302,344,79,42,203,116,1409,2,2e+07
"Gerald Green","MIA",14,"SG",2.04,92.99,1986-01-26,"US",8,NA,7,30,69,14,1557,230,587,0.392,84,260,0.323,146,327,0.446,0.463,72,92,0.783,25,138,163,56,38,19,46,123,616,10,1356000
"Goran Dragic","MIA",7,"PG",1.92,86.18,1986-05-06,"SI",7,NA,2,29,72,72,2363,417,875,0.477,64,205,0.312,353,670,0.527,0.513,120,165,0.727,54,223,277,419,71,17,185,188,1018,3,14780000
"Hassan Whiteside","MIA",21,"C",2.13,120.2,1989-06-13,"US",3,"Marshall University",5,26,73,43,2125,413,682,0.606,0,0,NA,413,682,0.606,0.606,214,329,0.65,238,627,865,30,44,269,137,201,1040,11,981348
"Josh McRoberts","MIA",4,"PF",1.86,108.86,1987-02-28,"US",8,"Duke University",12,28,42,1,595,55,148,0.372,12,49,0.245,43,99,0.434,0.412,28,40,0.7,22,83,105,81,18,7,30,68,150,5,5543725
"Josh Richardson","MIA",0,"SG",2.01,90.72,1993-09-15,"US",0,"University of Tennessee",8,22,52,2,1107,123,272,0.452,53,115,0.461,70,157,0.446,0.55,42,63,0.667,21,86,107,73,36,25,35,107,341,13,525093
"Justise Winslow","MIA",20,"SF",2.04,102.06,1996-03-26,"US",0,"Duke University",4,19,78,8,2232,195,462,0.422,32,116,0.276,163,346,0.471,0.457,80,117,0.684,81,322,403,117,68,26,95,184,502,7,2481720
"Luol Deng","MIA",9,"PF",2.1,99.79,1985-04-16,"SS",11,"Duke University",1,30,74,73,2394,339,745,0.455,88,256,0.344,251,489,0.513,0.514,145,192,0.755,108,335,443,140,74,29,81,122,911,4,10151612
"Tyler Johnson","MIA",8,"SG",1.95,84.37,1992-05-07,"US",1,"California State University, Fresno",9,23,36,5,863,118,243,0.486,27,71,0.38,91,172,0.529,0.541,51,64,0.797,28,81,109,79,24,14,47,66,314,12,845059
"Udonis Haslem","MIA",40,"PF",2.07,106.59,1980-06-09,"US",12,"University of Florida",14,35,37,0,260,23,61,0.377,1,9,0.111,22,52,0.423,0.385,12,16,0.75,10,65,75,14,5,2,5,25,59,6,2854940
"Chris Copeland","MIL",9,"PF",2.1,108.41,1984-03-17,"US",3,"University of Colorado",14,31,24,1,156,17,51,0.333,10,36,0.278,7,15,0.467,0.431,6,7,0.857,1,9,10,11,2,0,6,17,50,NA,NA
"Damien Inglis","MIL",17,"SF",2.07,111.58,1995-05-20,"GF",0,NA,15,20,20,1,156,13,37,0.351,3,13,0.231,10,24,0.417,0.392,7,8,0.875,2,29,31,10,6,3,11,11,36,14,855000
"Giannis Antetokounmpo","MIL",34,"PG",1.86,100.7,1994-12-06,"GR",2,NA,2,21,80,79,2823,513,1013,0.506,28,109,0.257,485,904,0.537,0.52,296,409,0.724,113,499,612,345,94,113,208,258,1350,10,1953960
"Greg Monroe","MIL",15,"C",1.86,120.2,1990-06-04,"US",5,"Georgetown University",4,25,79,67,2314,491,941,0.522,0,1,0,491,940,0.522,0.522,228,308,0.74,218,478,696,178,72,67,129,163,1210,1,16400000
"Greivis Vasquez","MIL",21,"PG",2.01,98.43,1987-01-16,"VE",5,"University of Maryland",13,29,23,0,460,45,138,0.326,18,73,0.247,27,65,0.415,0.391,22,26,0.846,5,42,47,91,10,0,40,42,130,4,6600000
"Jabari Parker","MIL",12,"PF",2.07,113.4,1995-03-15,"US",1,"Duke University",3,20,76,72,2408,443,899,0.493,9,35,0.257,434,864,0.502,0.498,175,228,0.768,123,272,395,130,69,29,116,154,1070,5,5152440
"Jerryd Bayless","MIL",19,"SG",1.92,90.72,1988-08-20,"US",7,"University of Arizona",6,27,52,18,1505,185,437,0.423,101,231,0.437,84,206,0.408,0.539,70,90,0.778,21,120,141,163,47,11,73,111,541,6,3e+06
"John Henson","MIL",31,"C",1.86,103.87,1990-12-28,"US",3,"University of North Carolina",9,25,57,1,960,164,291,0.564,0,1,0,164,290,0.566,0.564,69,117,0.59,87,134,221,54,18,109,64,131,397,7,2943221
"Johnny O'Bryant","MIL",77,"PF",2.1,116.57,1993-06-01,"US",1,"Louisiana State University",11,22,66,4,857,86,209,0.411,1,1,1,85,208,0.409,0.414,27,40,0.675,65,111,176,32,18,8,31,100,200,15,845059
"Khris Middleton","MIL",22,"SG",2.07,106.14,1991-08-12,"US",3,"Texas A&M University",1,24,79,79,2852,507,1142,0.444,143,361,0.396,364,781,0.466,0.507,277,312,0.888,44,258,302,331,131,19,180,204,1434,2,1.5e+07
"Larry Sanders","MIL",NA,NA,NA,NA,NA,NA,NA,NA,NA,NA,NA,NA,NA,NA,NA,NA,NA,NA,NA,NA,NA,NA,NA,NA,NA,NA,NA,NA,NA,NA,NA,NA,NA,NA,NA,11,1865547
"Michael Carter-Williams","MIL",5,"PG",2.01,86.18,1991-10-10,"US",2,"Syracuse University",5,24,54,37,1649,251,555,0.452,15,55,0.273,236,500,0.472,0.466,106,162,0.654,48,228,276,281,80,41,153,162,623,8,2399040
"Miles Plumlee","MIL",18,"C",1.86,112.94,1988-09-01,"US",3,"Duke University",10,27,61,14,870,140,233,0.601,0,0,NA,140,233,0.601,0.601,34,59,0.576,94,138,232,16,21,50,40,73,314,9,2109294
"O.J. Mayo","MIL",3,"SG",1.98,95.25,1987-11-05,"US",7,"University of Southern California",7,28,41,24,1090,119,321,0.371,52,162,0.321,67,159,0.421,0.452,31,40,0.775,13,92,105,118,48,8,72,126,321,3,8e+06
"Rashad Vaughn","MIL",20,"SG",2.01,91.63,1996-08-16,"US",0,"University of Nevada, Las Vegas",8,19,70,6,1001,81,266,0.305,43,147,0.293,38,119,0.319,0.385,12,15,0.8,11,77,88,39,29,16,28,73,217,12,1733040
"Tyler Ennis","MIL",11,"PG",1.92,88,1994-08-24,"CA",1,"Syracuse University",12,21,46,7,654,84,187,0.449,13,39,0.333,71,148,0.48,0.484,25,34,0.735,13,62,75,95,25,1,46,64,206,13,1662360
"Adreian Payne","MIN",33,"PF",1.86,107.5,1991-02-19,"US",1,"Michigan State University",12,24,52,2,486,53,145,0.366,9,32,0.281,44,113,0.389,0.397,17,26,0.654,20,91,111,29,16,11,36,77,132,11,1938840
"Andre Miller","MIN",24,"PG",1.92,90.72,1976-03-19,"US",16,"University of Utah",13,39,26,0,280,36,58,0.621,1,4,0.25,35,54,0.648,0.629,15,19,0.789,6,18,24,58,9,0,25,32,88,12,1499187
"Andrew Wiggins","MIN",22,"SF",2.07,90.26,1995-02-23,"CA",1,"University of Kansas",1,20,81,81,2845,594,1294,0.459,57,190,0.3,537,1104,0.486,0.481,430,565,0.761,106,186,292,164,78,46,182,165,1675,5,5758680
"Anthony Bennett","MIN",NA,NA,NA,NA,NA,NA,NA,NA,NA,NA,NA,NA,NA,NA,NA,NA,NA,NA,NA,NA,NA,NA,NA,NA,NA,NA,NA,NA,NA,NA,NA,NA,NA,NA,NA,8,3650000
"Damjan Rudez","MIN",10,"SF",1.86,103.42,1986-06-17,"HR",1,NA,14,29,33,0,277,25,62,0.403,17,50,0.34,8,12,0.667,0.54,8,8,1,5,15,20,11,3,1,13,33,75,16,1149500
"Gorgui Dieng","MIN",5,"C",1.86,109.32,1990-01-18,"SN",2,"University of Louisville",5,26,82,39,2220,308,579,0.532,6,20,0.3,302,559,0.54,0.537,205,248,0.827,157,428,585,143,94,96,140,219,827,14,1474440
"Greg Smith","MIN",4,"PF",1.86,113.4,1991-01-08,"US",4,"California State University, Fresno",15,25,18,0,192,18,32,0.563,0,0,NA,18,32,0.563,0.563,7,17,0.412,12,30,42,6,4,1,7,28,43,17,247623
"Karl-Anthony Towns","MIN",32,"C",2.13,110.68,1995-11-15,"US",0,"University of Kentucky",2,20,82,82,2627,625,1153,0.542,30,88,0.341,595,1065,0.559,0.555,223,275,0.811,228,629,857,161,58,138,183,245,1503,6,5703600
"Kevin Garnett","MIN",21,"PF",1.86,108.86,1976-05-19,"US",20,NA,11,39,38,38,556,54,115,0.47,0,1,0,54,114,0.474,0.47,14,21,0.667,15,135,150,62,28,10,16,70,122,3,8500000
"Kevin Martin","MIN",23,"SG",2.04,90.26,1983-02-01,"US",11,"Western Carolina University",9,32,39,12,834,126,334,0.377,38,103,0.369,88,231,0.381,0.434,125,142,0.88,10,71,81,46,17,1,41,68,415,4,7085000
"Nemanja Bjelica","MIN",88,"PF",1.86,108.86,1988-05-09,"RS",0,NA,8,27,60,0,1075,110,235,0.468,48,125,0.384,62,110,0.564,0.57,40,55,0.727,49,161,210,83,26,21,47,154,308,7,4e+06
"Nikola Pekovic","MIN",14,"C",1.86,139.25,1986-01-03,"ME",5,NA,16,30,12,3,156,19,50,0.38,0,0,NA,19,50,0.38,0.38,16,20,0.8,7,14,21,11,1,0,9,22,54,2,12100000
"Ricky Rubio","MIN",9,"PG",1.95,88,1990-10-21,"ES",4,NA,3,25,76,76,2323,219,586,0.374,62,190,0.326,157,396,0.396,0.427,266,314,0.847,40,286,326,658,162,10,193,201,766,1,12365000
"Shabazz Muhammad","MIN",15,"SF",2.01,101.15,1992-11-13,"US",2,"University of California, Los Angeles",6,23,82,0,1682,317,681,0.465,44,152,0.289,273,529,0.516,0.498,185,242,0.764,100,167,267,52,24,7,70,94,863,10,2056920
"Tayshaun Prince","MIN",12,"SF",2.1,96.16,1980-02-28,"US",13,"University of Kentucky",7,35,77,44,1462,102,229,0.445,4,23,0.174,98,206,0.476,0.454,13,19,0.684,32,115,147,73,36,13,27,62,221,13,1499187
"Tyus Jones","MIN",1,"PG",1.89,88.45,1996-05-10,"US",0,"Duke University",10,19,37,0,573,56,156,0.359,16,53,0.302,40,103,0.388,0.41,28,39,0.718,7,40,47,108,31,3,33,33,156,15,1282080
"Zach LaVine","MIN",8,"SG",1.98,85.73,1995-03-10,"US",1,"University of California, Los Angeles",4,20,82,33,2294,433,959,0.452,123,316,0.389,310,643,0.482,0.516,161,203,0.793,27,201,228,251,69,17,155,193,1150,9,2148360
"Alexis Ajinca","NOP",42,"C",2.19,112.49,1988-05-06,"FR",5,NA,10,27,59,17,861,150,315,0.476,0,1,0,150,314,0.478,0.476,52,62,0.839,75,194,269,31,19,36,54,134,352,7,4300000
"Alonzo Gee","NOP",15,"SF",2.01,102.06,1987-05-29,"US",6,"University of Alabama",5,28,73,38,1632,132,255,0.518,17,60,0.283,115,195,0.59,0.551,44,66,0.667,60,185,245,72,63,13,55,169,325,12,1375000
"Anthony Davis","NOP",23,"PF",1.86,114.76,1993-03-11,"US",3,"University of Kentucky",1,22,61,61,2164,560,1136,0.493,35,108,0.324,525,1028,0.511,0.508,326,430,0.758,130,497,627,116,78,125,121,148,1481,6,7070730
"Bryce Dejean-Jones","NOP",31,"SG",2.01,94.8,1992-08-21,"US",0,"Iowa State University",18,23,14,11,279,28,69,0.406,12,32,0.375,16,37,0.432,0.493,11,21,0.524,8,40,48,15,10,2,11,17,79,16,281659
"Dante Cunningham","NOP",44,"SF",2.07,104.33,1987-04-22,"US",6,"Villanova University",3,28,80,46,1971,186,412,0.451,55,174,0.316,131,238,0.55,0.518,57,82,0.695,57,179,236,77,42,33,41,173,484,10,3e+06
"Eric Gordon","NOP",10,"SG",1.95,97.52,1988-12-25,"US",7,"Indiana University",6,27,45,44,1481,231,552,0.418,113,294,0.384,118,258,0.457,0.521,111,125,0.888,10,89,99,121,43,14,73,98,686,1,15514031
"Ish Smith","NOP",4,"PG",1.83,79.38,1988-07-05,"US",5,"Wake Forest University",13,27,27,3,617,98,228,0.43,10,33,0.303,88,195,0.451,0.452,33,43,0.767,14,78,92,154,24,6,45,38,239,NA,NA
"Jimmer Fredette","NOP",32,"SG",1.89,88.45,1989-02-25,"US",4,"Brigham Young University",21,26,4,0,13,1,4,0.25,0,1,0,1,3,0.333,0.25,0,0,NA,0,0,0,1,1,0,1,1,2,21,54812
"Jordan Hamilton","NOP",25,"SF",2.04,99.79,1990-10-06,"US",4,"University of Texas at Austin",16,25,11,4,304,49,116,0.422,13,45,0.289,36,71,0.507,0.478,14,21,0.667,12,50,62,25,8,3,17,24,125,18,119462
"Jrue Holiday","NOP",11,"PG",1.95,92.99,1990-06-12,"US",6,"University of California, Los Angeles",4,25,65,23,1831,410,935,0.439,87,259,0.336,323,676,0.478,0.485,182,216,0.843,27,168,195,391,88,22,167,148,1089,4,10595507
"Kendrick Perkins","NOP",5,"C",1.86,122.47,1984-11-10,"US",12,NA,14,31,37,5,542,40,75,0.533,0,0,NA,40,75,0.533,0.533,11,25,0.44,25,103,128,31,11,11,41,64,91,11,1499200
"Luke Babbitt","NOP",8,"SF",2.1,102.06,1989-06-20,"US",5,"University of Nevada, Reno",11,26,47,13,845,122,289,0.422,44,109,0.404,78,180,0.433,0.498,39,50,0.78,25,123,148,53,11,7,23,90,327,14,1100000
"Nate Robinson","NOP",2,"PG",1.8,81.65,1984-05-31,"US",10,"University of Washington",20,31,2,1,23,0,1,0,0,1,0,0,0,NA,0,0,0,NA,0,0,0,4,1,0,0,5,0,22,44000
"Norris Cole","NOP",30,"PG",1.89,79.38,1988-10-13,"US",4,"Cleveland State University",8,27,45,23,1198,196,484,0.405,33,102,0.324,163,382,0.427,0.439,52,65,0.8,10,141,151,167,37,5,75,102,477,9,3036927
"Omer Asik","NOP",3,"C",2.13,115.67,1986-07-04,"TR",5,NA,9,29,68,64,1178,104,195,0.533,0,0,NA,104,195,0.533,0.533,61,112,0.545,120,294,414,26,21,23,60,124,269,3,1.1e+07
"Orlando Johnson","NOP",0,"SG",1.98,99.79,1989-03-11,"US",2,"University of California, Santa Barbara",19,26,5,1,54,4,17,0.235,1,5,0.2,3,12,0.25,0.265,1,2,0.5,1,5,6,2,1,0,3,4,10,20,55722
"Quincy Pondexter","NOP",NA,NA,NA,NA,NA,NA,NA,NA,NA,NA,NA,NA,NA,NA,NA,NA,NA,NA,NA,NA,NA,NA,NA,NA,NA,NA,NA,NA,NA,NA,NA,NA,NA,NA,NA,8,3382023
"Ryan Anderson","NOP",33,"PF",1.86,108.86,1988-05-06,"US",7,"University of California",2,27,66,7,2008,397,929,0.427,131,358,0.366,266,571,0.466,0.498,199,228,0.873,131,265,396,73,38,25,90,109,1124,5,8500000
"Tim Frazier","NOP",2,"PG",1.86,77.11,1990-11-01,"US",1,"Pennsylvania State University",15,25,16,1,469,76,169,0.45,13,31,0.419,63,138,0.457,0.488,45,59,0.763,15,56,71,120,23,1,38,42,210,17,144157
"Tyreke Evans","NOP",1,"SG",2.01,99.79,1989-09-19,"US",6,"University of Memphis",12,26,25,25,765,136,314,0.433,33,85,0.388,103,229,0.45,0.486,74,93,0.796,20,109,129,164,32,8,73,66,379,2,11227000
"Arron Afflalo","NYK",4,"SG",1.98,95.25,1985-10-15,"US",8,"University of California, Los Angeles",2,30,71,57,2371,354,799,0.443,91,238,0.382,263,561,0.469,0.5,110,131,0.84,23,243,266,144,25,10,82,142,909,3,8e+06
"Carmelo Anthony","NYK",7,"SF",2.07,108.86,1984-05-29,"US",12,"Syracuse University",1,31,72,72,2530,567,1307,0.434,105,310,0.339,462,997,0.463,0.474,334,403,0.829,98,458,556,299,62,38,176,180,1573,1,22875000
"Cleanthony Early","NYK",11,"SF",2.07,95.25,1991-04-17,"US",1,"Wichita State University",14,24,17,2,154,12,40,0.3,4,15,0.267,8,25,0.32,0.35,3,4,0.75,4,22,26,6,2,3,9,16,31,13,845059
"Darion Atkins","NYK",NA,NA,NA,NA,NA,NA,NA,NA,NA,NA,NA,NA,NA,NA,NA,NA,NA,NA,NA,NA,NA,NA,NA,NA,NA,NA,NA,NA,NA,NA,NA,NA,NA,NA,NA,18,75000
"Derrick Williams","NYK",23,"SF",2.07,108.86,1991-05-25,"US",4,"University of Arizona",7,24,80,9,1435,254,565,0.45,44,150,0.293,210,415,0.506,0.488,194,256,0.758,47,249,296,75,29,9,61,69,746,5,4900000
"Jerian Grant","NYK",13,"PG",1.95,88.45,1992-10-09,"US",0,"University of Notre Dame",9,23,76,6,1265,154,391,0.394,22,100,0.22,132,291,0.454,0.422,96,123,0.78,23,120,143,177,50,10,87,97,426,11,1572360
"Jose Calderon","NYK",3,"PG",1.92,90.72,1981-09-28,"ES",10,NA,6,34,72,72,2024,209,455,0.459,84,203,0.414,125,252,0.496,0.552,42,48,0.875,22,207,229,299,63,7,87,135,544,4,7402812
"Kevin Seraphin","NYK",1,"C",2.1,129.27,1989-12-07,"GF",5,NA,12,26,48,0,526,84,205,0.41,0,2,0,84,203,0.414,0.41,19,23,0.826,31,95,126,47,8,36,43,67,187,8,2800000
"Kristaps Porzingis","NYK",6,"PF",2.23,108.86,1995-08-02,"LV",0,NA,4,20,72,72,2047,373,886,0.421,81,243,0.333,292,643,0.454,0.467,201,240,0.838,132,394,526,93,53,134,121,205,1028,6,4131720
"Kyle O'Quinn","NYK",9,"PF",1.86,113.4,1990-03-26,"US",3,"Norfolk State University",11,25,65,1,764,129,271,0.476,5,22,0.227,124,249,0.498,0.485,46,60,0.767,76,174,250,72,20,49,61,107,309,7,3750000
"Lance Thomas","NYK",42,"PF",2.07,106.59,1988-04-24,"US",4,"Duke University",8,27,59,5,1313,169,382,0.442,44,109,0.404,125,273,0.458,0.5,102,119,0.857,34,97,131,53,22,7,57,109,484,10,1650000
"Langston Galloway","NYK",2,"PG",1.89,90.72,1991-12-09,"US",1,"Saint Joseph's University",5,24,82,7,2033,231,588,0.393,77,224,0.344,154,364,0.423,0.458,86,114,0.754,43,245,288,207,77,22,61,177,625,14,845059
"Lou Amundson","NYK",17,"PF",2.1,99.79,1982-12-07,"US",9,"University of Nevada, Las Vegas",13,33,29,0,204,19,53,0.358,0,0,NA,19,53,0.358,0.358,14,27,0.519,23,26,49,12,6,7,15,44,52,9,1650000
"Robin Lopez","NYK",8,"C",2.13,115.67,1988-04-01,"US",7,"Stanford University",3,27,82,82,2219,357,662,0.539,0,1,0,357,661,0.54,0.539,128,161,0.795,268,334,602,114,16,129,133,182,842,2,1.3e+07
"Sasha Vujacic","NYK",18,"SG",2.04,88.45,1984-03-08,"SI",8,NA,10,31,61,25,908,106,277,0.383,52,143,0.364,54,134,0.403,0.477,32,39,0.821,26,123,149,84,34,5,44,83,296,12,1356146
"Thanasis Antetokounmpo","NYK",43,"SF",2.04,92.99,1992-07-17,"GR",0,NA,15,23,2,0,6,3,4,0.75,0,1,0,3,3,1,0.75,0,0,NA,0,1,1,0,0,0,0,2,6,16,105888
"Tony Wroten","NYK",NA,NA,NA,NA,NA,NA,NA,NA,NA,NA,NA,NA,NA,NA,NA,NA,NA,NA,NA,NA,NA,NA,NA,NA,NA,NA,NA,NA,NA,NA,NA,NA,NA,NA,NA,15,167406
"Travis Trice","NYK",NA,NA,NA,NA,NA,NA,NA,NA,NA,NA,NA,NA,NA,NA,NA,NA,NA,NA,NA,NA,NA,NA,NA,NA,NA,NA,NA,NA,NA,NA,NA,NA,NA,NA,NA,20,50000
"Wesley Saunders","NYK",NA,NA,NA,NA,NA,NA,NA,NA,NA,NA,NA,NA,NA,NA,NA,NA,NA,NA,NA,NA,NA,NA,NA,NA,NA,NA,NA,NA,NA,NA,NA,NA,NA,NA,NA,17,75000
"Andre Roberson","OKC",21,"SG",2.04,95.25,1991-12-04,"US",2,"University of Colorado",7,24,70,70,1553,136,274,0.496,32,103,0.311,104,171,0.608,0.555,33,54,0.611,79,172,251,47,53,42,35,133,337,13,1210800
"Anthony Morrow","OKC",2,"SG",1.98,95.25,1985-09-27,"US",7,"Georgia Institute of Technology",9,30,68,6,926,136,333,0.408,79,204,0.387,57,129,0.442,0.527,29,39,0.744,10,52,62,24,22,5,17,64,380,8,3344000
"Cameron Payne","OKC",22,"PG",1.92,83.91,1994-08-08,"US",0,"Murray State University",11,21,57,1,698,114,278,0.41,36,111,0.324,78,167,0.467,0.475,19,24,0.792,9,76,85,108,36,6,44,80,283,11,2021520
"Dion Waiters","OKC",3,"SG",1.95,102.06,1991-12-10,"US",3,"Syracuse University",4,24,78,15,2152,282,706,0.399,86,240,0.358,196,466,0.421,0.46,112,157,0.713,36,166,202,154,81,15,120,143,762,5,5138430
"Enes Kanter","OKC",11,"C",1.86,111.13,1992-05-20,"CH",4,NA,6,23,82,1,1721,414,719,0.576,10,21,0.476,404,698,0.579,0.583,200,251,0.797,249,415,664,33,26,33,115,166,1038,3,16400000
"Josh Huestis","OKC",34,"PF",2.04,104.33,1991-12-19,"US",0,"Stanford University",15,24,5,0,55,5,12,0.417,4,6,0.667,1,6,0.167,0.583,0,4,0,2,8,10,0,1,2,3,3,14,14,1140240
"Kevin Durant","OKC",35,"SF",2.1,108.86,1988-09-29,"US",8,"University of Texas at Austin",2,27,72,72,2578,698,1381,0.505,186,481,0.387,512,900,0.569,0.573,447,498,0.898,45,544,589,361,69,85,250,137,2029,1,20158622
"Kyle Singler","OKC",5,"SF",2.07,103.42,1988-05-04,"US",3,"Duke University",8,27,68,2,977,86,221,0.389,30,97,0.309,56,124,0.452,0.457,29,44,0.659,50,91,141,24,30,9,32,120,231,6,5e+06
"Mitch McGary","OKC",33,"PF",1.86,115.67,1992-06-06,"US",1,"University of Michigan",14,23,20,0,72,11,23,0.478,0,4,0,11,19,0.579,0.478,4,10,0.4,4,14,18,3,1,2,7,10,26,12,1463040
"Nazr Mohammed","OKC",13,"C",1.86,100.24,1977-09-05,"US",17,"University of Kentucky",17,38,5,0,19,3,5,0.6,0,0,NA,3,5,0.6,0.6,2,2,1,1,3,4,0,0,0,3,4,8,15,352750
"Nick Collison","OKC",4,"PF",1.86,115.67,1980-10-26,"US",11,"University of Kansas",10,35,59,4,699,50,109,0.459,0,2,0,50,107,0.467,0.459,23,33,0.697,68,103,171,52,15,16,50,107,123,7,3750000
"Russell Westbrook","OKC",0,"PG",1.92,90.72,1988-11-12,"US",7,"University of California, Los Angeles",1,27,80,80,2750,656,1444,0.454,101,341,0.296,555,1103,0.503,0.489,465,573,0.812,145,481,626,834,163,20,342,200,1878,2,16744218
"Serge Ibaka","OKC",9,"PF",1.86,106.59,1989-09-18,"CG",6,NA,3,26,78,78,2500,416,869,0.479,60,184,0.326,356,685,0.52,0.513,91,121,0.752,141,392,533,66,38,148,108,211,983,4,12350000
"Steven Adams","OKC",12,"C",2.13,115.67,1993-07-20,"NZ",2,"University of Pittsburgh",5,22,80,80,2014,261,426,0.613,0,0,NA,261,426,0.613,0.613,114,196,0.582,219,314,533,62,42,89,84,223,636,10,2279040
"Aaron Gordon","ORL",0,"PF",2.1,99.79,1995-09-16,"US",1,"University of Arizona",5,20,78,37,1863,274,579,0.473,42,142,0.296,232,437,0.531,0.509,129,193,0.668,154,353,507,128,59,55,66,153,719,7,4171680
"Andrew Nicholson","ORL",44,"PF",2.1,113.4,1989-12-08,"CA",3,"St. Bonaventure University",9,26,56,0,823,146,310,0.471,41,114,0.36,105,196,0.536,0.537,51,65,0.785,34,167,201,25,10,22,41,69,384,10,2380594
"C.J. Watson","ORL",32,"PG",1.89,79.38,1984-04-17,"US",8,"University of Tennessee",12,31,33,2,656,47,137,0.343,14,48,0.292,33,89,0.371,0.394,34,39,0.872,10,56,66,88,19,5,25,49,142,5,5e+06
"Devyn Marble","ORL",11,"SG",2.01,90.72,1992-09-21,"US",1,"University of Iowa",16,23,28,0,249,21,71,0.296,8,32,0.25,13,39,0.333,0.352,10,24,0.417,6,32,38,12,13,1,7,25,60,16,845059
"Dewayne Dedmon","ORL",3,"C",2.13,111.13,1989-08-12,"US",2,"University of Southern California",11,26,58,20,705,99,177,0.559,0,0,NA,99,177,0.559,0.559,57,76,0.75,67,161,228,13,22,46,32,109,255,15,947278
"Elfrid Payton","ORL",4,"PG",1.95,83.91,1994-02-22,"US",1,"University of Louisiana at Lafayette",3,21,73,69,2145,318,730,0.436,30,92,0.326,288,638,0.451,0.456,112,190,0.589,77,184,261,468,89,20,177,159,778,9,2505720
"Evan Fournier","ORL",10,"SF",2.04,92.99,1992-10-29,"FR",3,NA,1,23,79,71,2566,429,929,0.462,156,390,0.4,273,539,0.506,0.546,199,238,0.836,33,192,225,213,96,2,133,214,1213,11,2288205
"Jason Smith","ORL",14,"C",2.13,111.13,1986-03-02,"US",7,"Colorado State University",8,29,76,2,1181,244,503,0.485,4,16,0.25,240,487,0.493,0.489,54,67,0.806,53,166,219,62,33,65,57,163,546,6,4300000
"Jordan Sibert","ORL",NA,NA,NA,NA,NA,NA,NA,NA,NA,NA,NA,NA,NA,NA,NA,NA,NA,NA,NA,NA,NA,NA,NA,NA,NA,NA,NA,NA,NA,NA,NA,NA,NA,NA,NA,19,1e+05
"Keith Appling","ORL",15,"PG",1.86,83.91,1992-02-13,"US",0,"Michigan State University",17,23,5,0,27,2,8,0.25,0,3,0,2,5,0.4,0.25,2,2,1,0,1,1,1,1,0,3,5,6,18,161776
"Mario Hezonja","ORL",23,"SF",2.07,97.52,1995-02-25,"HR",0,NA,7,20,79,9,1413,181,418,0.433,67,192,0.349,114,226,0.504,0.513,49,54,0.907,28,148,176,109,39,17,97,124,478,8,3741480
"Nikola Vucevic","ORL",9,"C",2.13,117.93,1990-10-24,"CH",4,"University of Southern California",4,25,65,60,2037,533,1046,0.51,2,9,0.222,531,1037,0.512,0.511,113,150,0.753,174,402,576,179,53,70,123,173,1181,1,11250000
"Shabazz Napier","ORL",13,"PG",1.86,79.38,1991-07-14,"US",1,"University of Connecticut",13,24,55,0,600,68,201,0.338,34,104,0.327,34,97,0.351,0.423,33,45,0.733,9,46,55,97,23,1,46,38,203,12,1294440
"Victor Oladipo","ORL",5,"SG",1.95,95.25,1992-05-04,"US",2,"Indiana University",2,23,72,52,2379,425,970,0.438,98,282,0.348,327,688,0.475,0.489,205,247,0.83,48,297,345,282,116,54,153,174,1153,4,5192520
"Carl Landry","PHI",7,"PF",2.1,112.49,1983-09-19,"US",8,"Purdue University",12,32,36,12,569,139,250,0.556,6,13,0.462,133,237,0.561,0.568,67,91,0.736,49,97,146,32,12,9,22,69,351,3,6500000
"Christian Wood","PHI",35,"PF",1.86,99.79,1995-09-27,"US",0,"University of Nevada, Las Vegas",16,20,17,0,145,22,53,0.415,4,11,0.364,18,42,0.429,0.453,13,21,0.619,13,25,38,3,5,7,2,11,61,22,305789
"Elton Brand","PHI",42,"C",2.07,124.74,1979-03-11,"US",16,"Duke University",14,36,17,1,225,31,72,0.431,0,1,0,31,71,0.437,0.431,8,9,0.889,9,54,63,18,9,8,11,32,70,17,890693
"Furkan Aldemir","PHI",NA,NA,NA,NA,NA,NA,NA,NA,NA,NA,NA,NA,NA,NA,NA,NA,NA,NA,NA,NA,NA,NA,NA,NA,NA,NA,NA,NA,NA,NA,NA,NA,NA,NA,NA,7,3e+06
"Gerald Wallace","PHI",NA,NA,NA,NA,NA,NA,NA,NA,NA,NA,NA,NA,NA,NA,NA,NA,NA,NA,NA,NA,NA,NA,NA,NA,NA,NA,NA,NA,NA,NA,NA,NA,NA,NA,NA,2,10105855
"Hollis Thompson","PHI",31,"SG",2.07,93.44,1991-04-03,"US",2,"Georgetown University",1,24,77,17,2154,270,680,0.397,149,392,0.38,121,288,0.42,0.507,69,96,0.719,54,218,272,99,36,24,76,187,758,16,947276
"Isaiah Canaan","PHI",0,"SG",1.83,91.17,1991-05-21,"US",2,"Murray State University",3,24,77,39,1966,260,722,0.36,176,485,0.363,84,237,0.354,0.482,150,180,0.833,20,154,174,137,56,12,91,133,846,15,947276
"Jahlil Okafor","PHI",8,"C",1.86,124.74,1995-12-15,"US",0,"Duke University",9,20,53,48,1591,397,781,0.508,1,6,0.167,396,775,0.511,0.509,133,194,0.686,122,251,373,65,22,61,124,140,928,5,4582680
"Jerami Grant","PHI",39,"SF",2.07,95.25,1994-03-12,"US",1,"Syracuse University",2,21,77,52,2066,251,599,0.419,35,146,0.24,216,453,0.477,0.448,212,322,0.658,99,262,361,135,54,127,110,215,749,19,845059
"Joel Embiid","PHI",NA,NA,NA,NA,NA,NA,NA,NA,NA,NA,NA,NA,NA,NA,NA,NA,NA,NA,NA,NA,NA,NA,NA,NA,NA,NA,NA,NA,NA,NA,NA,NA,NA,NA,NA,4,4626960
"Kendall Marshall","PHI",5,"PG",1.95,90.72,1991-08-19,"US",3,"University of North Carolina",13,24,30,6,400,43,118,0.364,16,49,0.327,27,69,0.391,0.432,9,13,0.692,2,26,28,73,16,2,43,30,111,11,2144722
"Nerlens Noel","PHI",4,"C",1.86,103.42,1994-04-10,"US",1,"University of Kentucky",4,21,67,62,1965,306,587,0.521,1,2,0.5,305,585,0.521,0.522,134,227,0.59,154,388,542,122,118,100,158,192,747,6,3457800
"Nik Stauskas","PHI",11,"SG",2.01,92.99,1993-10-07,"CA",1,"University of Michigan",6,22,73,35,1809,210,545,0.385,106,325,0.326,104,220,0.473,0.483,91,118,0.771,23,160,183,138,44,20,94,115,617,8,2869440
"Phil Pressey","PHI",26,"PG",1.56,79.38,1991-02-17,"US",2,"University of Missouri",15,24,14,0,170,21,55,0.382,4,13,0.308,17,42,0.405,0.418,9,18,0.5,0,23,23,46,11,1,19,14,55,23,172739
"Pierre Jackson","PHI",NA,NA,NA,NA,NA,NA,NA,NA,NA,NA,NA,NA,NA,NA,NA,NA,NA,NA,NA,NA,NA,NA,NA,NA,NA,NA,NA,NA,NA,NA,NA,NA,NA,NA,NA,20,750000
"Richaun Holmes","PHI",22,"PF",1.86,111.13,1993-10-15,"US",0,"Bowling Green State University",10,22,51,1,702,114,222,0.514,8,44,0.182,106,178,0.596,0.532,51,74,0.689,62,73,135,33,19,40,32,92,287,13,1050000
"Robert Covington","PHI",33,"SF",2.1,97.52,1990-12-14,"US",2,"Tennessee State University",5,25,67,49,1903,274,712,0.385,170,482,0.353,104,230,0.452,0.504,140,177,0.791,65,354,419,97,105,40,143,232,858,14,1e+06
"Sonny Weems","PHI",9,"SF",2.01,92.99,1986-07-08,"US",3,"University of Arkansas",18,29,7,0,78,7,21,0.333,2,9,0.222,5,12,0.417,0.381,1,2,0.5,1,11,12,2,0,0,4,7,17,9,2800000
"T.J. McConnell","PHI",12,"PG",1.89,90.72,1992-03-25,"US",0,"University of Arizona",8,23,81,17,1606,218,464,0.47,31,89,0.348,187,375,0.499,0.503,26,41,0.634,43,207,250,367,95,10,140,114,493,21,525093
"Alan Williams","PHO",15,"PF",2.07,117.93,1993-01-28,"US",0,"University of California, Santa Barbara",19,23,10,0,68,10,24,0.417,0,0,NA,10,24,0.417,0.417,9,14,0.643,14,24,38,5,4,5,6,15,29,18,114285
"Alex Len","PHO",21,"C",2.16,117.93,1993-06-16,"UA",2,"University of Maryland",4,22,78,46,1821,264,624,0.423,1,7,0.143,263,617,0.426,0.424,174,239,0.728,178,416,594,97,38,62,145,230,703,7,3807120
"Archie Goodwin","PHO",20,"PG",1.98,90.72,1994-08-17,"US",2,"University of Kentucky",9,21,57,13,1114,176,422,0.417,23,99,0.232,153,323,0.474,0.444,130,193,0.674,27,115,142,118,27,13,100,84,505,12,1160160
"Brandon Knight","PHO",3,"SG",1.92,85.73,1991-12-02,"US",4,"University of Kentucky",3,24,52,50,1870,371,895,0.415,120,351,0.342,251,544,0.461,0.482,156,183,0.852,36,166,202,263,61,20,177,124,1018,3,1.2e+07
"Cory Jefferson","PHO",55,"PF",2.1,98.88,1990-12-26,"US",1,"Baylor University",21,25,8,0,50,9,22,0.409,0,1,0,9,21,0.429,0.409,4,6,0.667,6,10,16,0,0,1,0,8,22,15,421449
"DeJuan Blair","PHO",NA,NA,NA,NA,NA,NA,NA,NA,NA,NA,NA,NA,NA,NA,NA,NA,NA,NA,NA,NA,NA,NA,NA,NA,NA,NA,NA,NA,NA,NA,NA,NA,NA,NA,NA,10,2e+06
"Devin Booker","PHO",1,"SG",2.01,93.44,1996-10-30,"US",0,"University of Kentucky",2,19,76,51,2108,367,867,0.423,99,289,0.343,268,578,0.464,0.48,215,256,0.84,27,160,187,200,44,20,160,225,1048,8,2127840
"Eric Bledsoe","PHO",2,"PG",1.86,86.18,1989-12-09,"US",5,"University of Kentucky",11,26,31,31,1059,223,492,0.453,48,129,0.372,175,363,0.482,0.502,138,172,0.802,18,107,125,190,63,19,110,75,632,1,13086957
"Jon Leuer","PHO",30,"PF",1.86,103.42,1989-05-14,"US",4,"University of Wisconsin",7,26,67,27,1255,224,466,0.481,42,110,0.382,182,356,0.511,0.526,77,101,0.762,76,297,373,72,38,30,75,125,567,13,1035000
"Markieff Morris","PHO",11,"PF",1.86,111.13,1989-09-02,"US",4,"University of Kansas",12,26,37,24,917,171,431,0.397,22,76,0.289,149,355,0.42,0.422,66,92,0.717,43,151,194,87,33,17,90,104,430,NA,NA
"Mirza Teletovic","PHO",35,"PF",2.1,109.77,1985-09-18,"BA",3,NA,5,30,79,1,1686,332,777,0.427,181,460,0.393,151,317,0.476,0.544,120,155,0.774,55,247,302,89,32,21,84,159,965,4,5500000
"P.J. Tucker","PHO",17,"SF",2.01,111.13,1985-05-05,"US",4,"University of Texas at Austin",1,30,82,80,2540,239,582,0.411,68,206,0.33,171,376,0.455,0.469,106,142,0.746,165,347,512,177,106,20,111,202,652,5,5500000
"Ronnie Price","PHO",14,"PG",1.89,86.18,1983-06-21,"US",10,"Utah Valley State College",8,32,62,18,1211,116,302,0.384,68,196,0.347,48,106,0.453,0.497,31,41,0.756,25,74,99,147,74,13,70,161,331,11,1499187
"T.J. Warren","PHO",12,"SF",2.07,104.33,1993-09-05,"US",1,"North Carolina State University",10,22,47,4,1070,221,441,0.501,28,70,0.4,193,371,0.52,0.533,45,64,0.703,57,90,147,44,37,16,32,94,515,9,2041080
"Tyson Chandler","PHO",4,"C",2.16,108.86,1982-10-02,"US",14,NA,6,33,66,60,1618,183,314,0.583,0,1,0,183,313,0.585,0.583,106,171,0.62,175,401,576,64,36,44,93,145,472,2,1.3e+07
"Al-Farouq Aminu","POR",8,"SF",2.1,99.79,1990-09-21,"US",5,"Wake Forest University",3,25,82,82,2341,299,719,0.416,126,349,0.361,173,370,0.468,0.503,115,156,0.737,98,401,499,138,72,53,120,171,839,2,7500000
"Allen Crabbe","POR",23,"SG",2.01,95.25,1992-04-09,"US",2,"University of California",4,23,81,8,2105,311,678,0.459,112,285,0.393,199,393,0.506,0.541,98,113,0.867,27,189,216,99,63,16,64,192,832,14,947276
"C.J. McCollum","POR",3,"SG",1.95,90.72,1991-09-19,"US",2,"Lehigh University",1,24,80,80,2780,641,1431,0.448,197,472,0.417,444,959,0.463,0.517,187,226,0.827,47,212,259,341,97,23,196,187,1666,12,2525160
"Chris Kaman","POR",35,"C",2.13,120.2,1982-04-28,"US",12,"Central Michigan University",14,33,16,2,112,20,43,0.465,1,4,0.25,19,39,0.487,0.477,3,3,1,7,17,24,11,1,1,8,15,44,5,5e+06
"Cliff Alexander","POR",34,"PF",2.07,111.13,1995-11-16,"US",0,"University of Kansas",16,20,8,0,36,5,10,0.5,0,0,NA,5,10,0.5,0.5,0,0,NA,2,4,6,0,1,2,1,1,10,18,525093
"Damian Lillard","POR",0,"PG",1.92,88.45,1990-07-15,"US",3,"Weber State University",2,25,75,75,2676,618,1474,0.419,229,610,0.375,389,864,0.45,0.497,414,464,0.892,45,257,302,512,65,28,242,165,1879,6,4236287
"Ed Davis","POR",17,"PF",1.86,108.86,1989-06-05,"US",5,"University of North Carolina",6,26,81,0,1684,206,337,0.611,0,0,NA,206,337,0.611,0.611,114,204,0.559,224,375,599,88,57,72,64,202,526,3,7e+06
"Gerald Henderson","POR",9,"SG",1.98,97.52,1987-12-09,"US",6,"Duke University",8,28,72,0,1431,232,529,0.439,48,136,0.353,184,393,0.468,0.484,112,146,0.767,30,181,211,75,39,19,68,87,624,4,6e+06
"Luis Montero","POR",44,"SG",2.04,83.91,1993-04-06,"DO",0,"Westchester CC",15,22,12,0,42,5,19,0.263,1,9,0.111,4,10,0.4,0.289,3,4,0.75,0,4,4,1,0,0,4,1,14,16,525093
"Mason Plumlee","POR",24,"C",1.86,111.13,1990-03-05,"US",2,"Duke University",5,25,82,82,2084,267,517,0.516,0,4,0,267,513,0.52,0.516,215,335,0.642,201,427,628,226,68,85,154,253,749,13,1415520
"Maurice Harkless","POR",4,"SF",2.1,97.52,1993-05-11,"US",3,"St. John's University",7,22,78,14,1457,195,411,0.474,39,140,0.279,156,271,0.576,0.522,69,111,0.622,101,179,280,67,49,35,62,124,498,8,2894059
"Meyers Leonard","POR",11,"PF",2.16,111.13,1992-02-27,"US",3,"University of Illinois at Urbana-Champaign",9,23,61,10,1333,195,435,0.448,86,228,0.377,109,207,0.527,0.547,35,46,0.761,51,263,314,92,8,18,77,183,511,7,3075880
"Noah Vonleh","POR",21,"PF",1.86,108.86,1995-08-24,"US",1,"Indiana University",10,20,78,56,1174,117,278,0.421,11,46,0.239,106,232,0.457,0.441,38,51,0.745,91,214,305,30,27,26,50,152,283,11,2637720
"Pat Connaughton","POR",5,"SG",1.98,93.44,1993-01-06,"US",0,"University of Notre Dame",12,23,34,0,143,13,49,0.265,5,21,0.238,8,28,0.286,0.316,5,5,1,11,21,32,10,2,0,10,6,36,17,525093
"Ben McLemore","SAC",23,"SG",1.98,88.45,1993-02-11,"US",2,"University of Kansas",8,22,68,53,1443,195,455,0.429,67,185,0.362,128,270,0.474,0.502,74,103,0.718,34,114,148,79,52,10,99,140,531,8,3156600
"Caron Butler","SAC",31,"SF",2.04,103.42,1980-03-13,"US",13,"University of Connecticut",13,35,17,1,176,25,59,0.424,3,18,0.167,22,41,0.537,0.449,10,12,0.833,5,17,22,10,9,1,3,19,63,10,1499187
"Darren Collison","SAC",7,"PG",1.83,79.38,1987-08-23,"US",6,"University of California, Los Angeles",4,28,74,15,2219,377,776,0.486,87,217,0.401,290,559,0.519,0.542,194,226,0.858,28,141,169,318,76,4,130,142,1035,6,5013559
"DeMarcus Cousins","SAC",15,"C",1.86,122.47,1990-08-13,"US",5,"University of Kentucky",3,25,65,65,2246,601,1332,0.451,70,210,0.333,531,1122,0.473,0.477,476,663,0.718,158,589,747,214,101,92,249,236,1748,1,14728844
"Duje Dukan","SAC",26,"SF",2.1,99.79,1991-12-04,"HR",0,"University of Wisconsin",15,24,1,0,24,2,10,0.2,2,5,0.4,0,5,0,0.3,0,0,NA,2,2,4,1,1,0,0,2,6,16,525093
"Eric Moreland","SAC",25,"PF",1.86,107.95,1991-12-24,"US",1,"Oregon State University",14,24,8,0,48,3,6,0.5,0,0,NA,3,6,0.5,0.5,2,4,0.5,3,8,11,1,0,4,3,4,8,15,845059
"James Anderson","SAC",5,"SG",2.01,96.62,1989-03-25,"US",4,"Oklahoma State University",11,26,51,15,721,67,178,0.376,23,86,0.267,44,92,0.478,0.441,22,29,0.759,13,73,86,41,21,14,42,54,179,11,1015421
"Kosta Koufos","SAC",41,"C",2.13,120.2,1989-02-24,"US",7,"Ohio State University",7,26,78,14,1482,236,444,0.532,0,0,NA,236,444,0.532,0.532,57,104,0.548,169,254,423,33,40,70,48,185,529,4,7500000
"Marco Belinelli","SAC",3,"SG",1.98,95.25,1986-03-25,"IT",8,NA,6,29,68,7,1672,245,635,0.386,91,297,0.306,154,338,0.456,0.457,115,138,0.833,10,107,117,127,37,2,80,91,696,5,6333333
"Marshall Henderson","SAC",NA,NA,NA,NA,NA,NA,NA,NA,NA,NA,NA,NA,NA,NA,NA,NA,NA,NA,NA,NA,NA,NA,NA,NA,NA,NA,NA,NA,NA,NA,NA,NA,NA,NA,NA,17,35000
"Omri Casspi","SAC",18,"SF",2.1,102.06,1988-06-22,"IL",6,NA,5,27,69,21,1880,299,622,0.481,112,274,0.409,187,348,0.537,0.571,103,159,0.648,58,352,410,95,56,17,94,154,813,9,3e+06
"Quincy Acy","SAC",13,"PF",2.04,108.86,1990-10-06,"US",3,"Baylor University",10,25,59,29,876,119,214,0.556,19,49,0.388,100,165,0.606,0.6,50,68,0.735,65,123,188,27,29,24,27,103,307,12,981348
"Rajon Rondo","SAC",9,"PG",1.86,84.37,1986-02-22,"US",9,"University of Kentucky",1,29,72,72,2537,355,782,0.454,62,170,0.365,293,612,0.479,0.494,87,150,0.58,77,358,435,839,141,10,278,175,859,3,9500000
"Rudy Gay","SAC",8,"SF",2.07,104.33,1986-08-17,"US",9,"University of Connecticut",2,29,70,70,2379,466,1007,0.463,74,215,0.344,392,792,0.495,0.5,198,254,0.78,103,353,456,120,100,51,139,184,1204,2,12403101
"Seth Curry","SAC",30,"PG",1.89,83.91,1990-08-23,"US",2,"Duke University",12,25,44,9,692,102,224,0.455,50,111,0.45,52,113,0.46,0.567,45,54,0.833,9,51,60,67,22,3,36,41,299,13,947276
"Vince Hunter","SAC",NA,NA,NA,NA,NA,NA,NA,NA,NA,NA,NA,NA,NA,NA,NA,NA,NA,NA,NA,NA,NA,NA,NA,NA,NA,NA,NA,NA,NA,NA,NA,NA,NA,NA,NA,18,35000
"Willie Cauley-Stein","SAC",0,"C",2.13,108.86,1993-08-18,"US",0,"University of Kentucky",9,22,66,39,1412,191,339,0.563,0,2,0,191,337,0.567,0.563,81,125,0.648,134,218,352,37,48,66,46,146,463,7,3398280
"Boban Marjanovic","SAS",40,"C",2.23,131.54,1988-08-15,"RS",0,NA,12,27,54,4,508,105,174,0.603,0,0,NA,105,174,0.603,0.603,87,114,0.763,73,121,194,21,12,23,29,54,297,12,1200000
"Boris Diaw","SAS",33,"PF",2.07,113.4,1982-04-16,"FR",12,NA,8,33,76,4,1386,202,383,0.527,25,69,0.362,177,314,0.564,0.56,56,76,0.737,58,175,233,176,26,21,97,102,485,5,7e+06
"Danny Green","SAS",14,"SG",2.01,97.52,1987-06-22,"US",6,"University of North Carolina",3,28,79,79,2062,211,561,0.376,116,349,0.332,95,212,0.448,0.48,34,46,0.739,48,255,303,141,79,64,75,141,572,4,1e+07
"David West","SAS",30,"PF",2.1,113.4,1980-08-29,"US",12,"Xavier University",7,35,78,19,1404,244,448,0.545,3,7,0.429,241,441,0.546,0.548,63,80,0.788,72,237,309,143,44,55,68,142,554,11,1499000
"Jonathon Simmons","SAS",17,"SG",2.01,88.45,1989-09-14,"US",0,"University of Houston",11,26,55,2,813,122,242,0.504,18,47,0.383,104,195,0.533,0.541,69,92,0.75,16,80,96,58,24,5,53,103,331,15,525093
"Kawhi Leonard","SAS",2,"SF",2.04,104.33,1991-06-29,"US",4,"San Diego State University",1,24,72,72,2380,551,1090,0.506,129,291,0.443,422,799,0.528,0.565,292,334,0.874,95,398,493,186,128,71,105,133,1523,2,16500000
"Kyle Anderson","SAS",1,"SF",2.1,104.33,1993-09-20,"US",1,"University of California, Los Angeles",9,22,78,11,1245,138,295,0.468,12,37,0.324,126,258,0.488,0.488,62,83,0.747,25,219,244,123,60,29,59,97,350,13,1142879
"LaMarcus Aldridge","SAS",12,"PF",1.86,117.93,1985-07-19,"US",9,"University of Texas at Austin",2,30,74,74,2261,536,1045,0.513,0,16,0,536,1029,0.521,0.513,259,302,0.858,176,456,632,110,38,81,99,151,1331,1,19500000
"Manu Ginobili","SAS",20,"SG",2.01,92.99,1977-07-28,"AR",13,NA,10,38,58,0,1134,197,435,0.453,70,179,0.391,127,256,0.496,0.533,91,112,0.813,26,120,146,177,66,11,99,99,555,8,2814000
"Matt Bonner","SAS",15,"C",1.86,106.59,1980-04-05,"US",11,"University of Florida",16,35,30,2,206,29,57,0.509,15,34,0.441,14,23,0.609,0.64,3,4,0.75,3,24,27,9,6,1,3,16,76,9,1499187
"Patrick Mills","SAS",8,"PG",1.83,83.91,1988-08-11,"AU",6,"Saint Mary's College of California",5,27,81,3,1662,260,612,0.425,123,320,0.384,137,292,0.469,0.525,47,58,0.81,27,131,158,226,59,6,76,102,690,7,3578947
"Rasual Butler","SAS",18,"SF",2.04,97.52,1979-05-23,"US",12,"La Salle University",13,36,46,0,432,49,104,0.471,15,49,0.306,34,55,0.618,0.543,11,16,0.688,3,53,56,24,13,23,8,11,124,10,1499187
"Tim Duncan","SAS",21,"C",1.86,113.4,1976-04-25,"VI",18,"Wake Forest University",6,39,61,60,1536,215,441,0.488,0,2,0,215,439,0.49,0.488,92,131,0.702,115,332,447,163,47,78,90,125,522,6,5e+06
"Tony Parker","SAS",9,"PG",1.89,83.91,1982-05-17,"BE",14,NA,4,33,72,72,1980,350,710,0.493,27,65,0.415,323,645,0.501,0.512,130,171,0.76,17,159,176,379,54,11,131,114,857,3,13437500
"Bismack Biyombo","TOR",8,"C",2.1,115.67,1992-08-28,"CD",4,NA,5,23,82,22,1808,156,288,0.542,0,1,0,156,287,0.544,0.542,142,226,0.628,182,473,655,29,19,133,71,225,454,8,3e+06
"Bruno Caboclo","TOR",20,"SF",2.1,98.88,1995-09-21,"BR",1,NA,16,20,6,1,43,1,12,0.083,1,7,0.143,0,5,0,0.125,0,0,NA,1,1,2,1,2,1,4,2,3,12,1524000
"Cory Joseph","TOR",6,"SG",1.92,87.54,1991-08-20,"CA",4,"University of Texas at Austin",3,24,80,4,2046,257,585,0.439,30,110,0.273,227,475,0.478,0.465,133,174,0.764,39,171,210,250,63,20,102,131,677,4,7e+06
"Delon Wright","TOR",55,"PG",1.98,83.01,1992-04-26,"US",0,"University of Utah",13,23,27,1,229,36,80,0.45,5,13,0.385,31,67,0.463,0.481,26,35,0.743,8,29,37,31,8,3,16,7,103,13,1509360
"DeMar DeRozan","TOR",10,"SG",2.04,100.24,1989-08-07,"US",6,"University of Southern California",2,26,78,78,2804,614,1377,0.446,47,139,0.338,567,1238,0.458,0.463,555,653,0.85,64,285,349,315,81,21,175,167,1830,3,9500000
"DeMarre Carroll","TOR",5,"SF",2.07,97.52,1986-07-27,"US",6,"University of Missouri",10,29,26,22,786,105,270,0.389,46,118,0.39,59,152,0.388,0.474,30,50,0.6,31,91,122,27,44,6,28,63,286,1,13500000
"James Johnson","TOR",3,"PF",2.1,113.4,1987-02-20,"US",6,"Wake Forest University",9,28,57,32,926,114,240,0.475,20,66,0.303,94,174,0.54,0.517,39,68,0.574,28,98,126,67,29,33,54,84,287,10,2500000
"Jonas Valanciunas","TOR",17,"C",2.13,120.2,1992-05-06,"LT",3,NA,8,23,60,59,1557,303,536,0.565,0,0,NA,303,536,0.565,0.565,162,213,0.761,184,363,547,42,25,80,85,158,768,6,4660482
"Kyle Lowry","TOR",7,"PG",1.86,88.9,1986-03-25,"US",9,"Villanova University",1,29,77,77,2851,512,1198,0.427,212,547,0.388,300,651,0.461,0.516,398,491,0.811,55,310,365,494,158,34,225,211,1634,2,1.2e+07
"Lucas Nogueira","TOR",92,"C",2.13,109.32,1992-07-26,"BR",1,NA,14,23,29,1,225,28,44,0.636,1,3,0.333,27,41,0.659,0.648,8,15,0.533,18,28,46,7,12,12,11,29,65,11,1842000
"Luis Scola","TOR",4,"PF",2.1,108.86,1980-04-30,"AR",8,NA,7,35,76,76,1636,269,598,0.45,65,161,0.404,204,437,0.467,0.504,61,84,0.726,84,276,360,66,46,27,68,178,664,9,3e+06
"Michale Kyser","TOR",NA,NA,NA,NA,NA,NA,NA,NA,NA,NA,NA,NA,NA,NA,NA,NA,NA,NA,NA,NA,NA,NA,NA,NA,NA,NA,NA,NA,NA,NA,NA,NA,NA,NA,NA,20,25000
"Norman Powell","TOR",24,"SG",1.95,97.52,1993-05-25,"US",0,"University of California, Los Angeles",11,22,49,24,725,97,229,0.424,36,89,0.404,61,140,0.436,0.502,43,53,0.811,16,95,111,47,29,10,32,59,273,15,650000
"Patrick Patterson","TOR",54,"PF",2.1,104.33,1989-03-14,"US",5,"University of Kentucky",4,26,79,0,2020,204,493,0.414,106,293,0.362,98,200,0.49,0.521,29,34,0.853,77,265,342,94,53,32,65,128,543,5,6268675
"Ronald Roberts","TOR",NA,NA,NA,NA,NA,NA,NA,NA,NA,NA,NA,NA,NA,NA,NA,NA,NA,NA,NA,NA,NA,NA,NA,NA,NA,NA,NA,NA,NA,NA,NA,NA,NA,NA,NA,17,75000
"Shannon Scott","TOR",NA,NA,NA,NA,NA,NA,NA,NA,NA,NA,NA,NA,NA,NA,NA,NA,NA,NA,NA,NA,NA,NA,NA,NA,NA,NA,NA,NA,NA,NA,NA,NA,NA,NA,NA,18,25000
"Terrence Ross","TOR",31,"SF",2.04,93.44,1991-02-05,"US",3,"University of Washington",6,24,73,7,1747,270,626,0.431,131,339,0.386,139,287,0.484,0.536,49,62,0.79,21,164,185,56,54,25,46,120,720,7,3553917
"Alec Burks","UTA",10,"SG",2.01,97.07,1991-07-20,"US",4,"University of Colorado",12,24,31,3,797,137,334,0.41,32,79,0.405,105,255,0.412,0.458,106,141,0.752,16,93,109,63,18,4,51,71,412,3,9213484
"Chris Johnson","UTA",23,"SF",2.01,93.44,1990-04-29,"US",3,"University of Dayton",11,25,70,2,857,72,194,0.371,27,99,0.273,45,95,0.474,0.441,34,42,0.81,27,105,132,45,32,20,40,100,205,14,981348
"Dante Exum","UTA",NA,NA,NA,NA,NA,NA,NA,NA,NA,NA,NA,NA,NA,NA,NA,NA,NA,NA,NA,NA,NA,NA,NA,NA,NA,NA,NA,NA,NA,NA,NA,NA,NA,NA,NA,5,3777720
"Derrick Favors","UTA",15,"PF",1.86,120.2,1991-07-15,"US",5,"Georgia Institute of Technology",3,24,62,59,1983,418,811,0.515,0,4,0,418,807,0.518,0.515,180,254,0.709,169,334,503,94,74,91,104,150,1016,2,11933333
"E.J. Singler","UTA",NA,NA,NA,NA,NA,NA,NA,NA,NA,NA,NA,NA,NA,NA,NA,NA,NA,NA,NA,NA,NA,NA,NA,NA,NA,NA,NA,NA,NA,NA,NA,NA,NA,NA,NA,21,50000
"Elijah Millsap","UTA",13,"SG",2.01,102.06,1987-08-12,"US",1,"University of Alabama at Birmingham",14,28,20,0,173,11,39,0.282,1,12,0.083,10,27,0.37,0.295,13,18,0.722,6,29,35,19,7,3,9,33,36,17,362878
"Gordon Hayward","UTA",20,"SF",2.07,102.51,1990-03-23,"US",5,"Butler University",1,25,80,80,2893,521,1202,0.433,143,410,0.349,378,792,0.477,0.493,393,477,0.824,61,336,397,296,95,27,202,183,1578,1,15409570
"Grant Jerrett","UTA",NA,NA,NA,NA,NA,NA,NA,NA,NA,NA,NA,NA,NA,NA,NA,NA,NA,NA,NA,NA,NA,NA,NA,NA,NA,NA,NA,NA,NA,NA,NA,NA,NA,NA,NA,16,947276
"J.J. O'Brien","UTA",22,"SF",2.04,103.42,1992-04-08,"US",0,"San Diego State University",17,23,2,0,6,0,1,0,0,0,NA,0,1,0,0,0,0,NA,0,1,1,0,1,0,0,1,0,18,105888
"Jeff Withey","UTA",24,"C",2.13,104.78,1990-03-07,"US",2,"University of Kansas",13,25,51,10,658,87,162,0.537,0,2,0,87,160,0.544,0.537,43,59,0.729,56,117,173,20,21,53,28,75,217,15,947276
"Joe Ingles","UTA",2,"SF",2.07,102.51,1987-10-02,"AU",1,NA,9,28,81,2,1241,124,291,0.426,81,210,0.386,43,81,0.531,0.565,13,18,0.722,19,132,151,96,55,4,65,98,342,9,2250000
"Raul Neto","UTA",25,"PG",1.86,81.19,1992-05-19,"BR",0,NA,6,23,81,53,1499,180,418,0.431,64,162,0.395,116,256,0.453,0.507,52,70,0.743,17,103,120,174,62,2,109,122,476,13,1e+06
"Rodney Hood","UTA",5,"SG",2.07,93.44,1992-10-20,"US",1,"Duke University",2,23,79,79,2541,408,972,0.42,161,449,0.359,247,523,0.472,0.503,172,200,0.86,38,229,267,213,73,16,125,202,1149,11,1348440
"Rudy Gobert","UTA",27,"C",2.16,111.13,1992-06-26,"FR",2,NA,4,23,61,60,1932,198,354,0.559,0,0,NA,198,354,0.559,0.559,161,283,0.569,208,460,668,91,45,135,114,163,557,12,1175880
"Tibor Pleiss","UTA",21,"C",2.23,116.12,1989-11-02,"DE",0,NA,15,26,12,0,82,11,25,0.44,0,2,0,11,23,0.478,0.44,2,2,1,6,9,15,2,1,2,8,19,24,6,3e+06
"Treveon Graham","UTA",NA,NA,NA,NA,NA,NA,NA,NA,NA,NA,NA,NA,NA,NA,NA,NA,NA,NA,NA,NA,NA,NA,NA,NA,NA,NA,NA,NA,NA,NA,NA,NA,NA,NA,NA,20,75000
"Trevor Booker","UTA",33,"PF",2.07,103.42,1987-11-25,"US",5,"Clemson University",5,28,79,2,1632,190,388,0.49,12,41,0.293,178,347,0.513,0.505,71,106,0.67,166,286,452,84,59,41,81,169,463,4,4775000
"Trey Burke","UTA",3,"PG",1.86,86.64,1992-11-12,"US",2,"University of Michigan",8,23,64,0,1366,262,634,0.413,88,256,0.344,174,378,0.46,0.483,67,82,0.817,18,94,112,148,35,6,80,86,679,7,2658240
"Trey Lyles","UTA",41,"PF",1.86,106.14,1995-11-05,"CA",0,"University of Kentucky",7,20,80,33,1382,191,436,0.438,49,128,0.383,142,308,0.461,0.494,57,82,0.695,59,240,299,59,26,18,65,114,488,10,2239800
"Alan Anderson","WAS",6,"SG",2.01,99.79,1982-10-16,"US",6,"Michigan State University",16,33,13,0,192,21,59,0.356,12,37,0.324,9,22,0.409,0.458,11,15,0.733,1,26,27,14,4,1,2,25,65,9,4e+06
"Bradley Beal","WAS",3,"SG",1.98,93.89,1993-06-28,"US",3,"University of Florida",6,22,55,35,1708,359,799,0.449,105,271,0.387,254,528,0.481,0.515,135,176,0.767,41,147,188,162,54,11,112,117,958,5,5694674
"Drew Gooden","WAS",90,"PF",1.86,113.4,1981-09-24,"US",13,"University of Kansas",13,34,30,0,305,33,103,0.32,7,41,0.171,26,62,0.419,0.354,9,14,0.643,28,57,85,13,8,11,13,40,82,10,3300000
"Garrett Temple","WAS",17,"SF",2.01,88.45,1986-05-08,"US",5,"Louisiana State University",5,29,80,43,1951,201,505,0.398,89,258,0.345,112,247,0.453,0.486,91,125,0.728,36,176,212,140,69,18,64,195,582,14,1100602
"Gary Neal","WAS",14,"SG",1.95,95.25,1984-10-03,"US",5,"Towson University",9,31,40,2,807,151,325,0.465,41,100,0.41,110,225,0.489,0.528,47,55,0.855,11,72,83,47,20,1,29,55,390,12,2100000
"Jared Dudley","WAS",1,"PF",2.04,102.06,1985-07-10,"US",8,"Boston College",4,30,81,41,2098,233,487,0.478,100,238,0.42,133,249,0.534,0.581,72,98,0.735,54,232,286,170,75,18,80,190,638,8,4250000
"Jarell Eddie","WAS",8,"SF",2.04,98.88,1991-10-30,"US",0,"Virginia Polytechnic Institute and State University",17,24,26,0,147,20,65,0.308,15,47,0.319,5,18,0.278,0.423,8,8,1,2,21,23,5,5,1,1,5,63,15,561716
"John Wall","WAS",2,"PG",1.95,88.45,1990-09-06,"US",5,"University of Kentucky",1,25,77,77,2784,572,1349,0.424,115,328,0.351,457,1021,0.448,0.467,272,344,0.791,42,337,379,789,145,59,318,159,1531,1,15851950
"Kelly Oubre","WAS",12,"SF",2.04,92.99,1995-12-09,"US",0,"University of Kansas",11,20,63,9,671,90,211,0.427,25,79,0.316,65,132,0.492,0.486,31,49,0.633,25,108,133,13,22,7,34,100,236,13,1920240
"Marcin Gortat","WAS",13,"C",1.86,108.86,1984-02-17,"PL",8,NA,3,31,75,74,2256,433,764,0.567,0,1,0,433,763,0.567,0.567,146,207,0.705,222,519,741,106,47,96,121,193,1012,3,11217391
"Martell Webster","WAS",NA,NA,NA,NA,NA,NA,NA,NA,NA,NA,NA,NA,NA,NA,NA,NA,NA,NA,NA,NA,NA,NA,NA,NA,NA,NA,NA,NA,NA,NA,NA,NA,NA,NA,NA,6,5613500
"Nene Hilario","WAS",42,"PF",1.86,113.4,1982-09-13,"BR",13,NA,8,33,57,11,1094,209,384,0.544,0,3,0,209,381,0.549,0.544,107,185,0.578,52,207,259,97,54,26,76,156,525,2,1.3e+07
"Otto Porter","WAS",22,"SF",2.07,89.81,1993-06-03,"US",2,"Georgetown University",2,22,75,73,2276,339,717,0.473,98,267,0.367,241,450,0.536,0.541,95,126,0.754,97,294,391,120,105,32,70,163,871,7,4662960
"Ramon Sessions","WAS",7,"PG",1.92,86.18,1986-04-11,"US",8,"University of Nevada, Reno",7,29,82,5,1667,280,592,0.473,36,111,0.324,244,481,0.507,0.503,214,283,0.756,25,178,203,239,46,5,115,102,810,11,2170465
